ID,Year_Birth,Education,Marital_Status,Income,Kidhome,Teenhome,Dt_Customer,Recency,MntWines,MntFruits,MntMeatProducts,MntFishProducts,MntSweetProducts,MntGoldProds,NumDealsPurchases,NumWebPurchases,NumCatalogPurchases,NumStorePurchases,NumWebVisitsMonth,AcceptedCmp3,AcceptedCmp4,AcceptedCmp5,AcceptedCmp1,AcceptedCmp2,Complain,Z_CostContact,Z_Revenue,Response
2607,1953,Graduation,Single,40464.0,0,1,2013-01-11,78,424,17,118,7,23,41,6,8,2,8,8,0,0,0,0,0,0,3,11,0
7247,1960,Graduation,Widow,47916.0,0,1,2012-11-22,72,505,0,26,0,0,75,5,7,4,6,6,0,1,0,0,0,0,3,11,0
5802,1972,Basic,Married,14188.0,0,0,2013-02-28,40,2,7,11,16,12,27,1,2,0,4,6,0,0,0,0,0,0,3,11,0
2147,1969,Graduation,Together,76653.0,0,0,2013-08-16,91,736,63,946,219,189,126,1,4,7,11,2,0,0,1,1,0,0,3,11,0
3759,1958,Graduation,Together,65196.0,0,2,2013-07-25,34,743,19,181,12,0,200,2,7,6,11,5,1,0,0,0,0,0,3,11,0
9284,1958,Graduation,Together,53977.0,0,1,2013-06-08,21,620,16,165,0,24,82,5,5,5,12,5,0,0,0,0,0,0,3,11,0
10505,1960,Master,Together,73113.0,0,0,2013-12-26,86,741,19,154,50,9,28,1,3,4,7,2,0,0,0,0,0,0,3,11,0
2579,1957,Graduation,Married,71113.0,0,1,2013-12-17,95,495,33,255,11,33,8,4,6,7,9,4,0,0,0,0,0,0,3,11,0
10779,1983,Graduation,Single,22148.0,0,0,2014-04-13,16,15,5,14,0,4,11,1,1,0,3,7,0,0,0,0,0,0,3,11,0
8079,1982,Graduation,Married,22448.0,1,0,2014-02-26,86,3,1,8,23,2,18,3,2,1,3,3,0,0,0,0,0,0,3,11,0
6935,1951,2n Cycle,Married,78497.0,0,0,2013-12-01,44,207,26,447,75,0,223,1,5,7,12,2,0,0,0,1,0,0,3,11,0
10742,1983,PhD,Married,86580.0,0,0,2013-02-27,72,532,21,127,26,20,20,0,4,2,5,1,0,0,1,0,0,0,3,11,0
6856,1979,Graduation,Together,21645.0,1,0,2012-09-03,75,14,0,23,4,5,19,3,3,0,3,9,0,0,0,0,0,0,3,11,1
6299,1968,PhD,Divorced,42564.0,0,1,2013-01-02,28,324,48,186,39,18,198,6,6,8,4,7,1,0,0,0,0,0,3,11,1
8534,1952,Graduation,Married,67433.0,0,2,2013-07-16,51,615,28,259,12,48,30,4,6,5,13,4,0,1,0,0,0,0,3,11,0
10420,1955,Master,Divorced,46390.0,0,1,2014-05-05,56,95,14,64,2,9,38,1,4,2,3,7,0,0,0,0,0,0,3,11,0
3099,1970,Graduation,Divorced,44267.0,1,1,2013-02-25,48,183,5,65,3,5,49,5,5,2,4,9,0,0,0,0,0,0,3,11,0
5831,1967,Graduation,Married,77870.0,0,1,2012-08-22,93,1017,50,500,65,50,133,3,5,5,5,8,0,1,0,1,0,0,3,11,1
5063,1977,Graduation,Single,28769.0,1,0,2012-12-18,76,41,5,129,10,3,3,3,4,1,4,9,0,0,0,0,0,0,3,11,0
1542,1975,Graduation,Single,56243.0,1,2,2013-12-30,26,347,0,35,4,3,7,6,4,2,8,5,0,0,0,0,0,0,3,11,0
8685,1977,Graduation,Married,42014.0,1,0,2012-08-17,56,244,15,108,4,15,50,6,7,1,6,8,0,0,0,0,0,0,3,11,1
5955,1962,Graduation,Together,72025.0,0,0,2012-11-17,27,833,33,549,151,133,233,1,4,3,8,3,0,0,0,0,0,0,3,11,0
313,1968,Graduation,Widow,73455.0,0,0,2013-10-28,98,901,61,757,186,163,20,1,6,5,10,3,0,1,0,0,0,0,3,11,0
8346,1974,Graduation,Single,32233.0,1,0,2012-08-19,26,138,15,35,25,11,72,2,6,2,2,9,1,0,0,0,0,0,3,11,1
9145,1972,Graduation,Single,72504.0,0,1,2013-04-06,43,604,26,470,123,161,94,2,5,9,6,2,0,0,0,0,0,0,3,11,0
938,1981,Graduation,Married,40211.0,1,1,2013-07-30,30,51,1,7,2,1,25,2,2,1,2,8,1,0,0,0,0,0,3,11,0
8588,1961,Graduation,Married,60544.0,1,1,2012-08-25,92,201,2,43,3,5,35,4,5,1,5,6,0,0,0,0,0,0,3,11,0
1175,1983,Master,Married,36262.0,0,0,2013-09-20,24,88,39,54,64,28,153,1,3,5,3,6,1,0,0,0,0,0,3,11,1
2611,1959,Master,Together,82576.0,0,0,2012-08-01,66,1206,55,445,168,18,18,1,2,4,12,1,0,0,1,0,0,0,3,11,0
375,1954,Graduation,Divorced,76773.0,0,0,2013-02-25,79,516,56,449,86,33,16,1,2,2,11,1,0,0,0,0,0,0,3,11,0
5043,1951,Basic,Married,26997.0,0,0,2012-11-05,89,7,23,78,133,49,144,2,4,2,5,7,0,0,0,0,0,0,3,11,0
10232,1963,PhD,Divorced,48799.0,0,1,2013-11-05,9,174,18,81,28,6,24,3,3,2,7,3,0,0,0,0,0,0,3,11,0
4418,1983,Master,Single,89616.0,0,0,2013-02-25,36,671,47,655,145,111,15,1,7,5,12,2,0,0,0,0,0,0,3,11,1
10914,1970,Graduation,Single,24163.0,1,1,2013-10-12,3,4,1,7,2,1,2,2,1,0,3,4,0,0,0,0,0,0,3,11,0
3711,1944,Master,Married,80184.0,0,0,2014-03-01,19,1035,134,670,25,38,0,1,6,3,10,3,0,0,1,1,0,0,3,11,0
1473,1960,2n Cycle,Single,47823.0,0,1,2013-07-23,0,53,1,5,2,1,10,2,2,0,3,8,0,0,0,0,0,0,3,11,0
7832,1959,Master,Married,77520.0,0,1,2013-08-28,30,940,44,396,0,88,58,1,8,7,7,4,1,0,1,1,0,0,3,11,1
7352,1957,Graduation,Married,55267.0,0,1,2013-10-21,28,161,28,136,32,3,45,4,3,4,6,3,0,0,0,0,0,0,3,11,0
5644,1957,Graduation,Together,42213.0,0,1,2013-10-12,96,309,3,24,4,3,20,2,5,1,7,7,0,1,0,0,0,0,3,11,0
5314,1951,Graduation,Together,40689.0,0,1,2013-03-18,69,270,3,27,39,6,99,7,7,1,5,8,0,0,0,0,0,0,3,11,0
9209,1971,Master,Together,80573.0,0,0,2012-10-14,85,829,138,430,60,92,15,1,4,6,13,2,0,0,0,0,0,0,3,11,0
10868,1951,Graduation,Widow,70792.0,0,0,2013-02-06,82,344,45,654,104,11,114,2,3,4,10,3,0,0,0,0,0,0,3,11,0
2254,1983,Graduation,Married,69520.0,0,0,2013-07-07,95,627,120,414,121,80,93,1,9,6,5,5,0,0,0,0,0,0,3,11,0
9671,1968,Graduation,Married,19514.0,1,1,2014-01-26,47,14,3,21,2,1,28,4,3,1,2,8,1,0,0,0,0,0,3,11,1
4042,1971,Graduation,Divorced,43300.0,0,1,2012-10-13,87,91,3,52,2,1,31,3,4,0,4,8,0,0,0,0,0,0,3,11,1
3507,1970,Graduation,Single,76467.0,1,0,2012-08-17,44,676,161,426,210,44,58,2,2,5,5,6,0,0,0,0,0,0,3,11,1
2945,1955,PhD,Together,46015.0,1,1,2014-04-13,25,38,0,2,0,0,6,1,1,0,3,7,1,0,0,0,1,0,3,11,0
6340,1985,Graduation,Single,29938.0,1,0,2013-10-27,52,3,3,7,0,2,11,2,1,0,3,6,0,0,0,0,0,0,3,11,0
3657,1986,Graduation,Single,39146.0,1,0,2013-02-14,1,94,1,33,13,12,12,3,4,0,4,8,0,0,0,0,0,0,3,11,0
4211,1986,Basic,Married,20425.0,1,0,2012-10-29,5,4,12,5,3,16,17,2,2,0,3,7,0,0,0,0,0,0,3,11,0
3363,1974,2n Cycle,Married,20130.0,0,0,2014-03-17,99,0,6,3,7,6,12,1,1,0,3,8,0,0,0,0,0,0,3,11,0
8652,1946,Graduation,Together,37760.0,0,0,2012-08-31,20,84,5,38,150,12,28,2,4,1,6,7,0,0,0,0,0,0,3,11,0
5093,1974,PhD,Divorced,25509.0,1,0,2012-09-18,15,40,3,30,10,7,11,3,3,0,3,9,0,0,0,0,0,0,3,11,1
4399,1969,Graduation,Together,68695.0,0,0,2014-06-25,3,458,81,356,106,50,40,1,4,4,7,2,0,0,0,0,0,0,3,11,0
6646,1984,Graduation,Together,16529.0,1,0,2014-03-01,23,3,0,5,13,0,1,1,1,0,3,6,0,0,0,0,0,0,3,11,0
9530,1988,Graduation,Married,24645.0,1,0,2012-11-01,16,5,3,4,4,1,0,1,1,0,2,8,0,0,0,0,0,0,3,11,0
8147,1960,Graduation,Married,31454.0,1,1,2013-07-06,40,28,0,11,0,0,9,3,2,0,3,8,0,0,0,0,0,0,3,11,0
10383,1966,Graduation,Divorced,70287.0,0,0,2013-04-02,30,295,35,482,121,120,40,1,5,5,10,3,0,0,0,0,0,0,3,11,1
5589,1964,Graduation,Divorced,51983.0,0,1,2012-08-31,95,631,0,115,10,7,30,3,9,2,10,7,0,0,0,0,0,0,3,11,0
6295,1977,Graduation,Married,54233.0,0,1,2013-02-04,46,652,8,158,21,0,142,4,11,6,5,8,0,0,0,0,0,0,3,11,0
6497,1960,Graduation,Married,51651.0,0,1,2012-11-07,32,293,6,23,13,6,92,4,6,2,5,8,0,0,0,0,0,0,3,11,0
6521,1954,Graduation,Together,77972.0,0,0,2014-03-18,18,613,22,319,33,102,12,1,4,6,9,1,0,0,0,0,0,0,3,11,0
6991,1951,Graduation,Divorced,43185.0,0,1,2013-04-10,88,537,6,42,16,6,30,2,9,3,6,8,0,0,0,0,0,0,3,11,0
1665,1964,PhD,Divorced,64140.0,0,2,2013-09-23,71,1459,0,61,0,15,215,5,2,5,6,5,1,0,1,0,1,0,3,11,1
6173,1979,Graduation,Together,77298.0,0,1,2013-11-02,46,425,115,292,23,35,79,1,6,6,11,3,0,0,0,0,0,0,3,11,0
7431,1991,PhD,Single,68126.0,0,0,2012-11-10,40,1332,17,311,23,51,86,1,7,4,5,9,0,1,0,0,0,0,3,11,1
1619,1956,Graduation,Married,90369.0,0,0,2014-04-28,2,292,51,981,224,23,17,1,4,6,6,1,0,0,0,0,0,0,3,11,1
2245,1969,Master,Married,43641.0,1,1,2013-04-22,50,57,2,51,4,2,23,3,2,1,4,6,0,0,0,0,0,0,3,11,0
6168,1963,Graduation,Divorced,45146.0,1,1,2013-07-15,28,33,0,5,0,0,15,2,1,1,2,4,0,0,0,0,0,0,3,11,0
10022,1973,PhD,Single,54466.0,1,1,2014-02-09,78,12,0,4,0,0,0,1,1,0,2,5,0,0,0,0,0,0,3,11,0
5300,1973,Master,Married,38961.0,1,0,2013-12-30,60,19,7,19,0,1,24,1,2,1,2,7,0,0,0,0,0,0,3,11,0
837,1977,Graduation,Married,54809.0,1,1,2013-09-11,0,63,6,57,13,13,22,4,2,1,5,4,0,0,0,0,0,0,3,11,0
1740,1944,Graduation,Married,55956.0,0,0,2014-04-07,22,760,38,104,50,9,38,2,7,3,4,4,0,1,0,0,0,0,3,11,0
3130,1964,Graduation,Single,18701.0,1,1,2013-06-04,95,12,4,2,10,6,10,4,2,0,4,5,0,0,0,0,0,0,3,11,0
2712,1956,Graduation,Married,71866.0,0,1,2013-12-25,85,184,178,178,103,39,33,1,6,3,10,3,0,0,0,0,0,0,3,11,0
5341,1962,2n Cycle,Divorced,81975.0,0,1,2013-01-05,2,983,76,184,180,138,27,1,6,3,4,7,0,0,1,0,0,0,3,11,0
9687,1975,Graduation,Single,73170.0,0,0,2014-05-31,1,184,174,256,50,30,32,1,5,4,6,2,0,0,0,0,0,0,3,11,0
6072,1970,Master,Single,75345.0,0,0,2013-02-02,16,918,57,842,99,38,133,1,5,8,6,3,0,0,0,1,0,0,3,11,1
4713,1979,PhD,Married,31605.0,1,0,2012-11-22,15,74,0,42,2,1,6,2,2,1,4,7,0,0,0,0,0,0,3,11,0
1857,1952,Graduation,Single,47139.0,1,1,2014-03-06,2,46,0,12,0,2,23,2,2,1,2,7,0,0,0,0,0,0,3,11,1
1920,1972,Graduation,Married,40321.0,1,1,2013-07-29,59,44,4,21,6,0,27,2,3,0,3,7,0,0,0,0,0,0,3,11,0
6982,1976,Graduation,Married,74068.0,0,0,2013-03-19,14,783,30,537,140,76,15,1,4,10,9,2,0,0,0,0,0,0,3,11,0
1402,1954,Master,Married,66991.0,0,0,2012-09-11,1,496,36,460,189,60,12,3,4,8,6,3,0,0,0,0,0,0,3,11,0
6999,1980,Master,Married,69661.0,0,0,2014-05-13,80,656,16,106,32,16,8,1,7,3,12,3,0,0,0,0,0,0,3,11,0
8310,1964,Graduation,Together,68142.0,0,1,2012-08-29,96,897,126,196,91,112,37,3,10,4,7,6,0,0,0,0,0,0,3,11,0
9265,1953,Graduation,Married,75027.0,0,1,2013-01-09,74,925,64,179,133,12,77,2,9,4,6,5,0,0,0,0,0,0,3,11,0
2587,1972,PhD,Married,29791.0,1,0,2014-05-15,21,14,0,6,0,0,0,2,2,0,3,5,0,0,0,0,0,0,3,11,0
6215,1977,Graduation,Married,31353.0,1,1,2013-12-29,24,10,0,10,3,1,7,2,1,1,2,8,0,0,0,0,0,0,3,11,1
238,1967,2n Cycle,Together,67309.0,1,1,2013-01-23,76,515,47,181,149,95,95,15,9,6,9,7,0,0,0,0,0,0,3,11,0
902,1980,Graduation,Together,62994.0,1,0,2014-03-04,74,224,12,48,4,12,12,1,6,2,4,6,0,0,0,0,0,0,3,11,0
3433,1955,2n Cycle,Married,72635.0,0,0,2013-06-03,54,390,22,323,104,35,107,1,6,8,6,3,0,0,0,1,0,0,3,11,0
879,1976,Master,Married,49681.0,0,2,2013-11-04,66,411,0,26,0,0,21,6,7,1,7,7,0,0,0,0,0,0,3,11,0
3068,1990,Graduation,Married,18351.0,0,0,2013-10-29,1,1,12,9,0,14,7,1,2,0,3,7,0,0,0,0,0,0,3,11,0
5751,1973,2n Cycle,Divorced,31163.0,1,0,2014-02-13,54,2,3,10,11,2,10,1,1,0,3,6,0,0,0,0,0,0,3,11,0
5263,1977,2n Cycle,Married,31056.0,1,0,2013-01-22,99,5,10,13,3,8,16,1,1,0,3,8,0,0,0,0,0,0,3,11,0
5510,1977,Master,Married,43263.0,0,1,2012-11-21,2,262,6,61,0,10,102,3,5,2,6,5,0,0,0,0,0,0,3,11,0
1966,1965,PhD,Married,84618.0,0,0,2013-11-22,96,684,100,801,21,66,0,1,6,9,10,2,0,0,1,0,0,0,3,11,0
10432,1974,Graduation,Divorced,19346.0,1,0,2014-01-30,26,2,0,9,3,6,2,1,1,0,3,8,0,0,0,0,0,0,3,11,0
8015,1962,PhD,Divorced,85696.0,0,0,2013-05-03,88,714,76,395,116,0,12,1,4,6,9,1,0,0,0,0,0,0,3,11,1
4369,1957,Master,Absurd,65487.0,0,0,2014-01-10,48,240,67,500,199,0,163,3,3,5,6,2,0,0,0,0,0,0,3,11,0
1958,1973,PhD,Together,55012.0,0,1,2014-03-21,85,582,0,65,0,0,13,6,8,2,9,5,0,0,0,0,0,0,3,11,0
713,1977,Master,Married,50353.0,0,0,2014-06-08,72,141,15,153,67,31,35,1,4,4,6,3,0,0,0,0,0,0,3,11,0
9797,1956,Graduation,Married,58116.0,0,1,2014-04-13,38,228,19,130,4,11,51,2,3,3,8,2,0,0,0,0,0,0,3,11,0
640,1951,Graduation,Married,57304.0,0,1,2013-03-11,61,356,80,329,138,17,106,2,7,6,10,5,0,0,0,0,0,0,3,11,0
9617,1951,Graduation,Single,15033.0,0,0,2014-04-16,37,0,4,5,6,0,4,1,1,0,3,3,0,0,0,0,0,0,3,11,0
7119,1982,Graduation,Single,68627.0,0,0,2013-01-12,45,395,15,263,60,54,38,1,2,3,6,1,0,0,0,0,0,0,3,11,0
6059,1953,PhD,Together,64504.0,1,2,2013-03-04,81,986,36,168,16,0,108,7,11,3,4,7,0,0,0,0,0,0,3,11,1
1377,1954,Master,Widow,44551.0,0,1,2013-08-31,24,182,4,33,0,0,66,2,4,1,5,7,0,0,0,0,0,0,3,11,0
7023,1953,PhD,Single,46231.0,2,1,2012-11-26,87,189,2,55,0,5,12,4,6,1,4,9,0,0,0,0,0,0,3,11,0
2591,1959,Graduation,Widow,76320.0,0,1,2014-06-22,49,526,35,214,69,53,35,2,6,3,4,2,0,0,0,0,0,0,3,11,0
4432,1976,Graduation,Divorced,31615.0,1,0,2013-03-16,82,2,3,20,6,11,9,2,2,0,3,7,0,0,0,0,0,0,3,11,0
6810,1983,Graduation,Divorced,82025.0,0,0,2013-05-28,76,267,98,606,48,70,98,1,3,2,6,1,0,0,1,0,0,0,3,11,1
10675,1956,PhD,Married,66334.0,0,1,2013-04-03,82,909,11,218,0,0,23,2,9,3,5,5,0,0,0,0,0,0,3,11,1
3386,1992,Graduation,Married,34935.0,0,0,2013-06-21,71,34,4,66,3,10,20,1,2,1,4,7,0,0,0,0,0,0,3,11,0
164,1977,PhD,Married,28973.0,0,0,2012-10-13,59,206,0,46,3,2,12,2,5,1,5,8,0,0,0,0,0,0,3,11,0
4967,1960,PhD,Together,38201.0,0,1,2013-03-29,19,233,0,23,0,0,12,4,5,1,5,8,0,0,0,0,0,0,3,11,0
3426,1975,Graduation,Divorced,70300.0,1,0,2013-07-15,89,1045,61,338,60,46,46,3,5,5,13,8,0,0,0,0,0,0,3,11,0
6988,1986,Graduation,Married,71952.0,1,0,2013-01-10,93,656,80,455,52,107,93,2,8,4,8,4,1,0,1,0,0,0,3,11,0
5290,1964,PhD,Married,41551.0,1,1,2013-08-14,51,220,0,33,3,0,23,5,5,1,5,8,0,0,0,0,0,0,3,11,0
1403,1975,2n Cycle,Together,34984.0,1,1,2012-09-06,40,8,4,15,3,5,3,2,1,0,3,7,0,0,0,0,0,0,3,11,0
1509,1958,PhD,Together,84460.0,0,0,2013-01-04,80,152,27,103,106,54,81,0,9,9,4,5,0,1,1,1,1,0,3,11,1
3537,1981,Graduation,Together,31089.0,1,0,2012-08-17,57,31,3,31,2,8,4,3,3,0,4,8,0,0,0,0,0,0,3,11,0
6050,1975,2n Cycle,Married,57036.0,0,1,2012-12-11,33,1171,43,219,19,14,47,4,6,3,13,9,1,0,0,0,0,0,3,11,0
6515,1977,Graduation,Together,39771.0,1,0,2013-12-06,92,6,2,18,2,8,14,1,2,0,3,4,0,0,0,0,0,0,3,11,0
4587,1944,Master,Widow,45006.0,0,0,2013-07-18,90,162,25,53,16,0,10,1,3,1,7,3,0,0,0,0,0,0,3,11,0
520,1974,Graduation,Married,34421.0,1,0,2013-07-01,81,3,3,7,6,2,9,1,1,0,2,7,0,0,0,0,0,0,3,11,0
4478,1979,Graduation,Married,63777.0,1,1,2013-03-24,87,457,5,106,15,17,53,8,11,1,6,8,0,0,0,0,0,0,3,11,0
10212,1986,Master,Together,42386.0,1,0,2013-01-13,43,65,4,16,0,4,11,1,3,0,3,8,0,0,0,0,0,0,3,11,0
4227,1968,Master,Together,32889.0,1,1,2013-09-06,78,28,0,13,4,2,8,3,2,1,3,5,0,0,0,0,0,0,3,11,0
3136,1962,Master,Divorced,59432.0,0,1,2013-04-13,88,317,25,265,25,19,12,3,5,3,11,5,0,0,0,0,0,0,3,11,0
9240,1971,PhD,Single,60504.0,0,1,2014-02-07,73,458,0,24,6,4,34,2,6,2,8,6,0,0,0,0,0,0,3,11,0
1357,1970,Graduation,Together,74854.0,1,2,2013-04-08,90,856,59,487,58,29,73,7,2,5,5,5,0,0,0,0,0,0,3,11,0
2909,1974,PhD,Married,78128.0,0,1,2014-02-19,89,934,24,230,16,24,36,2,8,4,6,3,0,1,1,0,0,0,3,11,0
10992,1967,Graduation,Together,75702.0,1,1,2012-08-29,77,650,28,353,45,42,30,5,4,6,11,8,0,0,0,0,0,0,3,11,0
3117,1955,Graduation,Single,,0,1,2013-10-18,95,264,0,21,12,6,147,3,6,1,5,7,0,0,0,0,0,0,3,11,0
1291,1978,PhD,Together,27683.0,1,0,2012-08-04,90,152,9,121,12,12,45,4,6,2,4,8,0,0,0,0,0,0,3,11,0
7274,1957,Graduation,Married,78618.0,0,0,2012-09-28,87,736,163,818,212,163,61,1,4,7,10,2,0,1,0,0,0,0,3,11,0
10157,1965,Graduation,Single,59686.0,0,1,2014-01-25,78,89,15,89,34,42,5,1,4,1,6,4,0,0,0,0,0,0,3,11,0
5125,1960,Graduation,Married,79530.0,0,0,2013-05-17,64,333,0,815,129,42,29,1,4,10,11,2,0,0,0,0,0,0,3,11,0
3153,1957,PhD,Single,40737.0,2,1,2013-12-08,24,11,0,4,0,0,2,1,1,0,2,8,0,0,0,0,0,0,3,11,0
2782,1961,PhD,Married,54456.0,0,1,2013-07-11,23,352,0,27,10,0,15,3,6,1,7,6,0,0,0,0,0,0,3,11,0
4012,1972,PhD,Together,62220.0,0,1,2012-08-11,55,799,12,375,16,12,12,5,7,6,5,6,0,0,0,0,0,0,3,11,1
5299,1970,PhD,Married,69084.0,1,0,2013-11-19,43,1181,107,199,39,30,30,2,7,3,13,8,0,0,0,0,0,0,3,11,0
1773,1978,2n Cycle,Married,12393.0,0,0,2012-12-04,38,5,6,15,11,7,13,1,2,0,3,9,0,0,0,0,0,0,3,11,0
590,1970,Master,Divorced,78579.0,0,0,2012-12-22,35,816,66,549,216,66,99,1,5,6,4,3,0,0,0,0,0,0,3,11,1
4937,1973,2n Cycle,Married,46094.0,1,1,2014-06-10,62,12,2,20,3,2,5,1,1,0,3,7,0,0,0,0,0,0,3,11,0
3523,1962,Graduation,Together,75072.0,0,1,2013-01-23,83,583,34,309,0,22,125,2,5,4,8,3,0,0,0,0,0,0,3,11,0
8132,1975,PhD,Married,60631.0,1,1,2013-04-05,88,565,6,65,0,6,19,5,9,2,8,7,0,1,0,0,0,0,3,11,0
10991,1960,Master,Married,89058.0,0,0,2012-12-07,18,454,194,106,31,22,43,1,5,4,4,2,0,0,0,0,0,0,3,11,0
8702,1976,2n Cycle,Together,26907.0,1,1,2013-08-20,10,9,1,7,0,3,2,2,1,0,3,7,0,0,0,0,0,0,3,11,0
3463,1975,PhD,Married,69283.0,0,1,2014-06-14,41,674,62,134,0,26,8,4,7,3,13,5,0,0,0,0,0,0,3,11,0
6728,1985,Graduation,Together,29103.0,1,0,2012-08-27,38,16,0,17,6,3,6,2,1,0,3,9,0,0,0,0,0,0,3,11,0
7494,1950,PhD,Divorced,42873.0,1,1,2013-01-21,11,209,0,40,3,2,15,4,6,1,4,8,0,0,0,0,0,0,3,11,0
7244,1951,Graduation,Single,,2,1,2014-01-01,96,48,5,48,6,10,7,3,2,1,4,6,0,0,0,0,0,0,3,11,0
9262,1984,2n Cycle,Together,32414.0,0,0,2013-07-04,11,20,6,5,0,9,12,1,1,0,3,7,1,0,0,0,0,0,3,11,0
7118,1957,Graduation,Married,73803.0,0,1,2012-08-01,61,833,80,363,52,26,174,2,9,5,6,6,1,0,0,0,0,0,3,11,1
4697,1949,Master,Divorced,35416.0,0,0,2013-06-13,62,248,3,81,4,3,51,3,7,1,5,8,0,0,0,0,0,0,3,11,0
11010,1984,PhD,Single,16269.0,1,0,2013-08-30,75,19,3,18,3,1,0,3,3,0,3,8,0,0,0,0,0,0,3,11,0
2154,1971,Graduation,Widow,30372.0,1,1,2012-12-25,33,15,0,12,7,3,7,3,2,0,3,7,0,0,0,0,0,0,3,11,0
8970,1972,PhD,Married,62010.0,0,1,2012-10-23,93,371,22,39,6,0,92,4,6,2,7,5,0,0,0,0,0,0,3,11,0
3968,1970,2n Cycle,Divorced,65706.0,0,0,2013-06-28,77,918,10,129,13,0,129,1,11,3,12,7,0,1,1,0,1,0,3,11,1
6528,1982,Master,Together,18492.0,1,0,2014-06-05,75,2,2,2,2,1,1,1,1,0,2,8,0,0,0,0,0,0,3,11,0
2173,1952,Graduation,Widow,40049.0,0,1,2013-10-16,23,13,6,7,0,3,3,1,1,0,3,6,0,0,0,0,0,0,3,11,0
2891,1963,Graduation,Divorced,68118.0,0,1,2013-10-18,51,595,23,123,10,23,154,2,8,9,4,6,0,0,0,0,0,0,3,11,0
3225,1984,Master,Married,42207.0,1,0,2013-04-01,71,116,11,72,3,17,46,4,4,1,5,6,1,0,0,0,0,0,3,11,1
9504,1949,Master,Married,81698.0,0,0,2013-11-06,4,179,28,520,111,123,47,1,3,8,13,1,0,0,0,0,0,0,3,11,1
10741,1951,Master,Together,47352.0,0,1,2013-04-11,70,172,12,112,8,0,15,4,6,1,5,7,0,0,0,0,0,0,3,11,0
1204,1970,PhD,Married,67536.0,0,1,2013-05-22,45,1253,0,447,23,71,35,3,11,5,11,8,0,0,0,1,0,0,3,11,0
1553,1946,Graduation,Together,82657.0,0,0,2013-09-27,71,966,168,672,246,105,126,1,7,5,10,4,0,1,0,1,0,0,3,11,0
7270,1981,Graduation,Divorced,56981.0,0,0,2014-01-25,91,908,48,217,32,12,24,1,2,3,13,6,0,1,0,0,0,0,3,11,0
10061,1950,Graduation,Married,59462.0,0,1,2013-01-05,29,724,17,143,0,8,196,2,9,2,12,7,0,0,0,0,0,0,3,11,0
4188,1957,Graduation,Single,36864.0,0,1,2012-08-13,53,204,5,39,17,0,89,3,5,2,4,8,0,0,0,0,0,0,3,11,1
6565,1949,Master,Married,76995.0,0,1,2013-03-28,91,1012,80,498,0,16,176,2,11,4,9,5,0,0,0,1,0,0,3,11,0
8957,1952,2n Cycle,Single,64831.0,1,1,2013-06-10,51,480,86,249,75,86,144,8,6,3,5,6,0,0,0,0,0,0,3,11,0
5231,1974,2n Cycle,Married,45894.0,0,2,2014-02-27,15,27,2,7,0,2,13,1,1,0,3,5,0,0,0,0,0,0,3,11,0
10678,1959,Graduation,Together,71232.0,0,1,2013-11-28,91,653,17,170,34,26,17,2,11,2,10,7,0,0,0,0,0,0,3,11,0
3725,1961,PhD,Single,84865.0,0,0,2013-05-09,1,1248,16,349,43,16,16,1,2,4,9,4,0,1,1,1,1,0,3,11,1
1911,1987,Graduation,Together,67430.0,0,0,2012-09-05,6,595,97,291,127,133,121,1,11,5,12,6,0,0,0,0,0,0,3,11,0
9369,1979,2n Cycle,Single,88194.0,0,1,2014-03-19,19,688,14,309,201,24,38,1,11,10,10,5,1,0,0,1,0,0,3,11,1
10660,1957,Master,Married,66726.0,1,1,2014-01-12,61,349,7,35,0,0,47,3,8,2,4,7,0,1,0,0,0,0,3,11,0
6694,1964,Graduation,Married,75236.0,0,1,2013-11-25,27,438,66,400,12,38,114,1,8,3,13,4,0,0,0,0,0,0,3,11,0
5991,1949,Master,Married,48150.0,0,1,2013-06-08,24,173,2,39,3,2,47,3,5,1,4,7,0,0,0,0,0,0,3,11,0
7321,1962,Graduation,Together,76081.0,0,0,2014-05-23,85,292,30,415,63,33,200,1,4,5,4,2,0,0,0,1,0,0,3,11,0
4865,1974,Master,Divorced,53367.0,1,1,2013-08-31,2,229,7,140,10,3,11,7,5,1,8,7,0,0,0,0,0,0,3,11,1
2495,1974,Master,Married,83891.0,0,1,2014-06-20,24,217,38,350,111,85,15,1,4,7,10,1,0,0,0,0,0,0,3,11,0
6637,1988,Graduation,Single,66951.0,0,0,2013-11-02,46,277,162,305,173,76,124,1,3,4,7,1,0,0,0,0,0,0,3,11,0
4426,1975,Graduation,Single,55801.0,1,1,2013-09-22,35,367,4,51,6,4,95,6,7,2,6,7,0,0,0,1,0,0,3,11,0
6349,1987,Master,Divorced,61787.0,0,0,2013-07-06,71,621,73,414,78,48,85,1,8,4,6,5,0,0,0,0,0,0,3,11,0
8773,1971,Master,Together,57420.0,0,1,2013-06-25,22,280,0,18,0,0,24,3,5,1,6,7,0,1,0,0,0,0,3,11,0
7791,1967,Master,Married,37054.0,1,1,2013-09-15,89,12,1,6,0,1,5,2,1,0,3,7,0,0,0,0,0,0,3,11,0
7972,1955,Graduation,Single,72906.0,0,0,2013-09-17,79,400,32,519,71,75,54,1,3,4,9,1,0,0,0,0,0,0,3,11,0
564,1981,PhD,Together,56937.0,1,0,2012-08-04,81,746,8,125,11,8,8,7,8,6,9,6,0,1,0,0,0,0,3,11,1
2447,1979,Graduation,Together,30545.0,1,0,2012-10-17,71,4,12,15,19,7,12,2,2,0,3,7,0,0,0,0,0,0,3,11,0
1916,1954,Master,Married,45736.0,0,1,2013-07-24,92,188,3,180,20,3,43,5,7,1,6,7,0,0,0,0,0,0,3,11,0
11091,1953,Graduation,Together,34587.0,1,1,2014-05-16,68,7,2,9,2,0,2,2,1,0,3,4,0,0,0,0,0,0,3,11,0
1744,1965,Basic,Single,23529.0,0,1,2013-01-07,67,9,7,13,3,2,20,1,1,1,2,6,0,0,0,0,0,0,3,11,0
10841,1975,PhD,Together,56559.0,0,1,2012-12-25,46,226,22,133,41,31,31,3,4,3,8,4,0,0,0,0,0,0,3,11,0
1463,1958,Graduation,Single,45160.0,1,1,2014-03-29,9,8,2,5,3,0,3,1,1,0,2,7,0,0,0,0,0,0,3,11,0
1440,1978,2n Cycle,Together,52513.0,0,0,2012-09-04,84,367,17,241,104,188,232,2,9,5,9,7,0,0,0,0,0,0,3,11,0
5961,1978,Graduation,Married,42693.0,1,0,2014-06-07,29,8,4,20,6,3,16,1,1,0,3,5,0,0,0,0,0,0,3,11,0
10163,1984,PhD,Single,82733.0,0,0,2013-09-10,28,712,50,420,65,38,38,1,8,4,7,4,0,0,0,0,0,0,3,11,1
8897,1965,Graduation,Single,42720.0,1,1,2013-04-24,9,392,5,91,28,26,112,8,7,3,7,8,0,0,0,0,0,0,3,11,1
2963,1979,Graduation,Together,75507.0,0,0,2014-05-02,56,709,93,374,104,80,80,1,8,6,6,3,0,0,0,0,0,0,3,11,0
7072,1973,Graduation,Married,67432.0,0,1,2013-03-29,69,432,79,341,177,136,170,2,8,5,4,4,0,0,0,0,0,0,3,11,0
3628,1987,Basic,Single,15038.0,1,0,2013-01-29,93,4,8,11,19,12,26,2,2,1,2,9,0,0,0,0,0,0,3,11,0
217,1956,Master,Single,64857.0,0,0,2012-11-23,78,556,14,717,210,0,43,1,7,5,10,4,0,0,0,0,0,0,3,11,0
9596,1980,PhD,Single,65295.0,0,0,2013-12-23,19,365,32,117,34,110,6,1,3,3,13,2,0,0,0,0,0,0,3,11,0
1685,1967,PhD,Together,62981.0,0,0,2013-03-17,21,796,14,590,38,44,0,1,4,5,13,3,0,1,0,0,0,0,3,11,0
7892,1969,Graduation,Single,18589.0,0,0,2013-01-02,89,6,4,25,15,12,13,2,2,1,3,7,0,0,0,0,0,0,3,11,0
1717,1988,Graduation,Single,39747.0,1,0,2014-04-13,43,80,15,93,20,13,52,3,5,1,4,8,0,0,0,0,0,0,3,11,0
8210,1975,Master,Married,54730.0,0,1,2013-08-15,64,318,3,17,4,7,56,5,4,1,8,4,0,0,0,0,0,0,3,11,0
8334,1971,Master,Single,33316.0,1,1,2013-10-04,34,79,1,31,4,4,12,3,2,1,4,6,0,0,0,0,0,0,3,11,0
3547,1969,Master,Together,41021.0,1,0,2012-12-30,12,14,7,9,6,16,12,2,2,0,3,6,0,0,0,0,0,0,3,11,1
486,1988,Graduation,Married,84219.0,0,0,2014-02-02,27,434,137,400,45,137,45,1,3,4,10,1,0,0,0,0,0,0,3,11,0
7261,1971,Graduation,Together,34600.0,1,1,2013-01-01,8,199,33,60,8,3,15,5,5,2,5,8,0,0,0,0,0,0,3,11,1
4338,1983,Graduation,Single,39062.0,1,0,2014-03-25,28,23,0,9,0,0,12,1,1,0,3,4,1,0,0,0,0,0,3,11,0
5929,1973,PhD,Married,37401.0,1,0,2014-05-06,14,19,3,19,3,1,3,2,2,0,3,7,0,0,0,0,0,0,3,11,0
7829,1900,2n Cycle,Divorced,36640.0,1,0,2013-09-26,99,15,6,8,7,4,25,1,2,1,2,5,0,0,0,0,0,1,3,11,0
5871,1979,Master,Together,24401.0,0,0,2012-08-31,98,73,28,217,10,24,115,3,6,1,6,8,0,0,0,0,0,0,3,11,0
7801,1959,Graduation,Together,54753.0,0,1,2013-09-12,87,197,107,227,7,59,131,3,5,2,11,4,0,0,0,0,0,0,3,11,0
922,1979,2n Cycle,Married,31086.0,1,1,2013-05-04,79,16,2,11,3,0,16,2,1,1,2,8,1,0,0,0,0,0,3,11,0
3515,1952,Graduation,Single,62307.0,0,1,2014-02-17,94,87,13,34,10,6,10,1,4,0,4,5,0,0,0,0,0,0,3,11,0
7059,1963,Graduation,Married,80124.0,0,0,2014-06-26,47,483,84,398,205,84,241,1,3,7,8,1,1,0,0,0,0,0,3,11,0
7919,1976,PhD,Together,72335.0,0,0,2012-08-13,2,1285,105,653,28,21,0,1,10,4,8,8,0,0,0,0,0,0,3,11,1
10928,1958,Graduation,Together,66886.0,0,1,2013-09-16,28,315,4,62,41,31,146,2,7,1,7,5,0,0,0,0,0,0,3,11,0
5081,1967,2n Cycle,Together,47821.0,1,1,2013-10-20,54,9,0,16,6,6,10,1,1,0,3,8,0,0,0,0,0,0,3,11,0
8268,1961,PhD,Married,,0,1,2013-07-11,23,352,0,27,10,0,15,3,6,1,7,6,0,0,0,0,0,0,3,11,0
7962,1987,PhD,Single,95169.0,0,0,2013-10-09,1,1285,21,449,106,20,20,1,4,3,4,1,0,0,1,1,0,0,3,11,1
5172,1976,Master,Together,65104.0,0,1,2013-11-14,4,738,0,232,13,20,50,2,3,5,7,7,0,0,0,0,0,0,3,11,0
193,1996,Basic,Married,14421.0,0,0,2014-02-17,81,0,0,2,3,3,8,1,1,0,2,5,1,0,0,0,0,0,3,11,0
4656,1990,2n Cycle,Single,51250.0,1,0,2013-03-30,28,342,32,230,34,32,40,5,10,5,4,9,1,0,0,0,0,0,3,11,0
9817,1970,Master,Single,44802.0,0,0,2012-08-21,71,853,10,143,13,10,20,2,9,4,12,8,0,0,0,0,0,0,3,11,0
7108,1965,Master,Widow,51390.0,1,1,2012-09-08,54,205,20,47,23,2,56,6,5,2,5,5,0,0,0,0,0,0,3,11,0
4114,1964,Master,Married,79143.0,0,0,2012-08-11,2,650,37,780,27,167,32,1,6,9,13,3,0,0,0,0,0,0,3,11,0
2139,1975,Master,Married,7500.0,1,0,2013-10-02,19,3,1,10,3,2,12,3,2,0,3,5,0,0,0,0,0,0,3,11,0
3262,1958,Graduation,Single,68281.0,0,0,2012-08-07,31,995,112,417,42,48,41,1,2,9,13,5,0,0,0,0,0,0,3,11,1
5303,1974,PhD,Together,79632.0,0,0,2014-04-08,42,471,0,510,99,21,12,1,6,4,9,2,0,0,0,0,0,0,3,11,0
5896,1987,Master,Married,73395.0,0,0,2014-03-18,94,272,7,80,20,7,11,1,4,4,6,2,0,0,0,0,0,0,3,11,0
1581,1980,Graduation,Married,37406.0,1,0,2013-10-10,18,2,0,8,2,2,3,1,1,0,2,8,0,0,0,0,0,0,3,11,1
4698,1983,PhD,Married,50150.0,0,0,2013-06-20,32,135,46,92,65,61,11,2,5,2,7,5,0,0,0,0,0,0,3,11,0
10402,1967,Graduation,Married,35441.0,1,1,2013-02-14,94,25,1,9,2,1,1,2,1,0,3,8,0,0,0,0,0,0,3,11,0
9197,1953,Graduation,Married,39722.0,0,1,2014-02-24,92,32,0,5,2,0,8,2,2,0,3,5,0,0,0,0,0,0,3,11,0
6875,1965,PhD,Together,32727.0,0,0,2012-08-28,38,167,13,180,86,13,70,2,7,3,5,8,0,0,0,0,0,0,3,11,0
5547,1982,PhD,Married,84169.0,0,0,2013-08-07,9,1478,19,403,0,19,0,1,7,6,6,3,0,1,1,0,0,0,3,11,1
8562,1969,Graduation,Together,54165.0,0,0,2013-05-28,72,127,4,73,15,6,11,1,2,1,7,2,0,0,0,0,0,0,3,11,0
10475,1970,Master,Together,,0,1,2013-04-01,39,187,5,65,26,20,14,2,4,2,6,5,0,0,0,0,0,0,3,11,0
7301,1982,2n Cycle,Single,23616.0,1,0,2012-11-17,76,4,22,11,3,7,32,2,3,0,3,8,0,0,0,0,0,0,3,11,1
11096,1952,2n Cycle,Together,57247.0,0,1,2013-08-08,50,99,4,32,37,54,6,2,2,1,7,2,0,0,0,0,0,0,3,11,0
2563,1961,Basic,Married,28249.0,0,0,2014-06-15,80,1,9,7,2,14,10,1,2,0,3,6,0,0,0,0,0,0,3,11,0
5062,1963,PhD,Married,54072.0,1,1,2013-07-27,71,35,0,4,0,0,0,1,2,0,2,8,0,0,0,0,0,0,3,11,0
8812,1979,2n Cycle,Divorced,13533.0,1,0,2013-03-10,45,12,3,8,8,0,17,2,2,0,3,7,0,0,0,0,0,0,3,11,0
6950,1958,Master,Married,49572.0,1,1,2013-12-15,25,35,1,16,0,1,1,2,2,0,3,7,0,0,0,0,0,0,3,11,0
3850,1963,Basic,Together,14918.0,0,1,2012-12-07,52,3,3,3,15,4,15,1,1,0,3,6,0,0,0,0,0,0,3,11,0
4808,1956,Graduation,Married,15759.0,0,0,2013-09-05,12,1,2,5,6,0,3,1,1,0,2,7,0,0,0,0,0,0,3,11,0
5948,1975,Graduation,Single,57338.0,0,1,2014-04-29,96,143,6,52,11,8,17,2,4,1,5,5,0,0,0,0,0,0,3,11,0
5423,1983,Graduation,Together,28359.0,1,0,2013-10-27,35,6,0,5,2,1,2,1,1,0,2,7,0,0,0,0,0,0,3,11,0
6892,1968,Graduation,Divorced,61671.0,0,1,2014-06-03,23,641,7,56,0,0,28,8,10,4,6,8,0,1,0,1,0,0,3,11,0
9264,1986,Graduation,Married,79529.0,0,0,2014-04-27,1,423,42,706,73,197,197,1,4,8,9,2,0,0,0,0,0,0,3,11,0
6071,1989,Graduation,Single,81217.0,0,0,2013-07-19,77,493,70,324,146,40,84,1,3,7,11,1,0,0,0,0,0,0,3,11,0
202,1948,PhD,Widow,82032.0,0,0,2014-04-05,54,332,194,377,149,125,57,0,4,6,7,1,0,0,0,0,0,0,3,11,0
2415,1962,Graduation,Together,62568.0,0,1,2014-04-07,99,362,17,398,80,35,61,3,5,3,5,4,0,0,0,1,0,0,3,11,0
3138,1956,Graduation,Single,91249.0,0,0,2012-10-20,84,1324,27,119,71,108,27,0,7,9,6,4,0,1,1,1,1,0,3,11,1
10364,1959,Graduation,Divorced,23295.0,0,0,2013-07-13,72,0,0,1,2,12,5,1,1,0,2,8,0,0,0,0,0,0,3,11,0
3865,1977,2n Cycle,Together,20981.0,0,0,2013-04-30,14,2,12,10,6,13,30,1,3,1,2,8,0,0,0,0,0,0,3,11,1
5236,1979,Graduation,Together,77568.0,0,1,2012-08-25,30,1230,0,396,232,178,158,1,10,2,8,5,0,1,1,1,0,0,3,11,0
9516,1971,2n Cycle,Divorced,49118.0,0,0,2012-08-18,90,620,54,239,99,98,119,2,9,7,10,7,0,1,0,0,1,0,3,11,1
11056,1974,Graduation,Married,72099.0,0,0,2012-10-27,18,546,91,410,119,0,22,1,3,4,10,1,0,0,0,0,0,0,3,11,0
5049,1974,PhD,Together,30351.0,1,0,2013-06-06,19,14,0,24,3,3,2,1,3,0,2,9,0,0,0,0,0,0,3,11,0
8925,1965,Master,Married,70053.0,0,1,2013-07-03,38,512,53,98,81,179,89,3,8,5,10,5,0,0,0,0,0,0,3,11,0
9707,1969,PhD,Married,55212.0,0,1,2012-11-23,65,1103,0,45,0,0,34,3,4,2,11,8,0,1,0,0,1,0,3,11,0
9967,1974,Graduation,Divorced,53034.0,1,1,2013-05-30,30,160,15,196,15,11,50,8,6,1,7,8,0,0,0,0,0,0,3,11,0
8233,1950,Master,Widow,64866.0,0,1,2014-01-26,9,508,5,21,7,5,10,4,7,3,7,5,0,1,0,0,0,0,3,11,0
5763,1972,Master,Together,49854.0,1,0,2013-11-10,63,123,17,171,39,0,30,5,6,2,5,6,0,0,0,0,0,0,3,11,0
8254,1974,PhD,Married,34596.0,1,0,2013-04-13,48,14,0,2,0,0,7,1,1,0,2,8,0,0,0,0,0,0,3,11,0
8895,1985,Graduation,Single,70596.0,0,0,2012-10-05,68,347,44,534,17,0,26,1,3,5,12,2,0,0,0,0,0,0,3,11,0
8439,1964,Graduation,Together,63404.0,0,2,2014-06-06,97,734,26,70,11,44,17,2,6,3,4,4,0,0,0,1,0,0,3,11,0
10691,1960,Master,Married,28520.0,1,1,2013-06-14,55,11,0,10,0,2,20,1,1,1,2,6,0,0,0,0,0,0,3,11,0
4786,1977,Graduation,Married,75330.0,1,1,2012-10-04,94,555,82,257,93,61,61,4,10,3,12,6,0,0,0,0,0,0,3,11,0
10702,1984,Graduation,Single,52413.0,1,0,2012-11-03,67,185,8,133,56,56,12,2,7,1,7,7,0,0,0,0,0,0,3,11,0
641,1967,Graduation,Single,52074.0,0,1,2014-04-04,77,59,0,12,0,0,48,1,2,2,2,4,1,0,0,0,0,0,3,11,0
9826,1972,PhD,Single,86857.0,0,0,2012-09-12,96,899,102,838,133,102,40,1,5,6,10,2,0,0,0,0,0,0,3,11,1
9805,1953,Master,Together,56129.0,0,1,2013-06-20,65,320,48,133,39,72,48,4,6,2,10,4,0,0,0,0,0,0,3,11,0
10581,1977,Graduation,Married,41124.0,1,0,2012-10-31,41,281,7,84,15,0,119,7,7,3,4,8,0,0,0,0,0,0,3,11,0
10560,1980,PhD,Single,36802.0,1,0,2014-06-16,23,16,1,2,0,0,1,1,1,0,3,5,0,0,0,0,0,0,3,11,0
221,1955,Graduation,Married,48726.0,0,1,2013-04-27,90,138,3,38,4,0,59,3,3,2,4,6,0,0,0,0,0,0,3,11,0
3645,1972,PhD,Single,27213.0,1,0,2012-08-30,19,19,3,26,10,9,3,3,2,0,4,8,0,0,0,0,0,0,3,11,1
2304,1963,PhD,Together,66313.0,0,1,2013-09-16,86,625,7,99,10,22,7,2,6,3,12,4,0,0,0,0,0,0,3,11,0
1518,1965,Master,Married,62694.0,1,1,2013-06-17,29,379,6,157,25,91,91,5,9,3,7,7,0,0,0,0,0,0,3,11,0
6287,1986,Graduation,Together,34728.0,1,0,2013-07-30,2,14,0,16,0,0,6,1,1,1,2,6,0,0,0,0,0,0,3,11,1
2952,1977,Master,Single,36273.0,1,0,2014-04-16,80,29,3,30,3,2,9,2,3,0,3,6,0,0,0,0,0,0,3,11,0
5012,1989,Graduation,Married,28691.0,1,0,2013-07-04,56,5,4,13,8,0,4,1,1,0,3,8,0,0,0,0,0,0,3,11,0
2276,1955,Graduation,Single,57959.0,0,1,2013-05-02,71,430,16,322,43,24,33,5,4,7,11,3,0,0,0,0,0,0,3,11,0
7141,1986,Master,Single,21888.0,1,0,2012-12-29,15,88,10,46,2,3,64,4,5,1,2,10,0,0,0,0,0,0,3,11,1
10469,1981,Graduation,Together,88325.0,0,0,2014-02-05,42,519,71,860,93,27,53,1,6,2,9,2,0,0,0,0,0,0,3,11,0
9706,1974,PhD,Single,31560.0,1,0,2013-06-24,98,62,1,20,4,0,7,2,2,1,3,8,0,0,0,0,0,0,3,11,0
7275,1971,Master,Single,33316.0,1,1,2013-10-04,34,79,1,31,4,4,12,3,2,1,4,6,0,0,0,0,0,0,3,11,0
3599,1970,Graduation,Married,63684.0,0,1,2012-11-26,61,575,80,428,208,93,80,3,8,4,8,5,0,0,0,0,0,0,3,11,0
10095,1975,PhD,Divorced,74165.0,0,0,2013-05-01,9,1001,12,240,16,12,12,1,5,4,10,2,0,0,0,0,0,0,3,11,0
10307,1956,Graduation,Married,50387.0,0,2,2013-08-31,91,369,9,87,12,14,34,3,6,2,8,5,0,0,0,0,0,0,3,11,0
6141,1972,Master,Single,49494.0,1,0,2013-04-25,46,191,9,97,0,6,82,2,6,1,5,7,0,0,0,0,0,0,3,11,0
4390,1954,Graduation,Together,75315.0,0,1,2014-04-15,14,459,15,171,142,23,31,2,5,4,12,2,0,0,0,0,0,0,3,11,0
2995,1957,Master,Together,66636.0,0,0,2013-08-17,64,291,10,689,84,10,0,1,3,4,9,1,0,0,0,0,0,0,3,11,0
1419,1950,Graduation,Together,34026.0,1,1,2013-08-05,11,18,6,15,12,8,17,3,2,1,3,5,0,0,0,0,0,0,3,11,0
7912,1978,Graduation,Married,38136.0,1,0,2013-04-22,69,8,15,27,0,20,33,2,3,1,2,8,1,0,0,0,0,0,3,11,0
6963,1947,Graduation,Single,77457.0,0,0,2014-03-05,85,675,11,400,15,45,11,1,2,5,10,1,0,0,1,0,0,0,3,11,0
1524,1983,2n Cycle,Single,81698.0,0,0,2013-03-01,1,709,45,115,30,160,45,1,8,2,5,5,0,0,0,1,0,0,3,11,1
3955,1965,Graduation,Divorced,4861.0,0,0,2014-06-22,20,2,1,1,1,0,1,0,0,0,0,14,0,0,0,0,0,0,3,11,0
6798,1966,Graduation,Single,37070.0,1,1,2013-03-20,30,231,7,137,4,15,39,9,5,1,8,7,0,0,0,0,0,0,3,11,1
7851,1949,Graduation,Widow,70165.0,0,0,2013-09-22,60,161,0,253,199,191,122,1,3,7,11,1,0,0,0,0,0,0,3,11,0
6715,1948,PhD,Single,60200.0,0,1,2013-01-02,3,502,19,132,0,6,26,6,6,2,11,6,0,0,0,0,0,0,3,11,0
9973,1963,Graduation,Married,50437.0,0,2,2012-10-17,28,370,9,92,6,9,4,3,7,1,8,7,0,0,0,0,0,0,3,11,0
8977,1985,Basic,Single,16581.0,0,0,2013-01-12,51,1,3,4,2,3,11,1,0,0,3,4,0,0,0,0,0,0,3,11,0
3281,1960,PhD,Married,49154.0,1,1,2013-11-03,69,206,10,67,30,27,71,6,4,1,8,6,0,0,0,0,0,0,3,11,0
3310,1973,2n Cycle,Married,35688.0,2,1,2012-08-22,94,73,3,90,12,1,32,7,4,1,4,8,0,0,0,0,0,0,3,11,0
9738,1986,Master,Together,42386.0,1,0,2013-01-13,43,65,4,16,0,4,11,1,3,0,3,8,0,0,0,0,0,0,3,11,0
6605,1944,PhD,Divorced,55614.0,0,0,2013-11-27,85,504,13,131,8,0,26,1,9,4,6,7,0,1,0,0,0,0,3,11,0
11004,1893,2n Cycle,Single,60182.0,0,1,2014-05-17,23,8,0,5,7,0,2,1,1,0,2,4,0,0,0,0,0,0,3,11,0
3037,1983,PhD,Married,50150.0,0,0,2013-06-20,32,135,46,92,65,61,11,2,5,2,7,5,0,0,0,0,0,0,3,11,0
5223,1966,Master,Together,45903.0,0,1,2014-04-23,80,33,8,10,2,10,3,2,2,1,3,4,0,0,0,0,0,0,3,11,0
10144,1976,Graduation,Together,51369.0,0,1,2012-10-25,84,297,7,79,0,11,182,2,8,2,4,8,0,0,0,0,0,0,3,11,0
5455,1971,PhD,Married,32011.0,1,0,2013-08-22,89,99,0,15,2,1,5,3,2,1,4,7,0,0,0,0,0,0,3,11,0
4702,1964,Graduation,Single,61839.0,0,0,2012-08-12,20,1000,155,379,224,17,120,1,4,8,4,8,0,0,0,0,0,0,3,11,0
10680,1986,Graduation,Together,33235.0,1,0,2014-02-05,71,45,0,16,2,1,6,1,3,0,3,7,0,0,0,0,0,0,3,11,0
4767,1965,2n Cycle,Married,70924.0,0,0,2014-04-07,41,635,114,254,132,152,76,1,6,6,7,3,0,0,1,0,0,0,3,11,0
2882,1975,2n Cycle,Divorced,67893.0,0,1,2012-10-01,31,711,28,142,49,18,47,2,3,2,9,8,0,0,0,0,0,0,3,11,0
5545,1972,PhD,Married,78075.0,0,0,2014-04-05,72,572,8,259,34,35,80,1,3,5,5,1,0,0,0,0,0,0,3,11,0
361,1969,Master,Married,43142.0,1,1,2014-02-18,84,5,1,7,2,1,4,1,1,0,2,7,0,0,0,0,0,0,3,11,0
7215,1983,Graduation,Single,101970.0,0,0,2013-03-12,69,722,27,102,44,72,168,0,6,8,13,2,0,1,1,1,0,0,3,11,1
1743,1974,Graduation,Single,69719.0,0,0,2014-05-26,99,273,86,208,177,14,43,1,2,3,5,1,0,0,0,0,0,0,3,11,0
3518,1983,Graduation,Married,25271.0,1,0,2012-12-05,45,10,1,18,10,4,7,1,1,1,2,9,0,0,0,0,0,0,3,11,0
9365,1976,PhD,Single,60000.0,0,1,2012-12-22,57,1048,0,217,0,0,12,5,11,3,5,6,0,0,0,0,0,0,3,11,0
6945,1952,Graduation,Single,84574.0,0,0,2013-06-04,72,387,20,713,38,54,163,1,9,11,11,5,0,0,0,0,0,0,3,11,0
9347,1956,Master,Together,50943.0,0,1,2013-06-21,49,31,0,7,2,0,6,1,1,0,3,5,0,0,0,0,0,0,3,11,0
8082,1971,Graduation,Married,25721.0,1,0,2013-05-21,75,1,3,6,3,6,15,1,1,1,2,7,0,0,0,0,0,0,3,11,1
1135,1960,Master,Together,17144.0,1,1,2014-02-15,96,18,2,19,0,2,6,5,3,0,4,7,0,0,0,0,0,0,3,11,0
2964,1981,Graduation,Married,26872.0,0,0,2013-10-16,0,3,10,8,3,16,32,1,1,1,2,6,0,0,0,0,0,0,3,11,0
48,1964,Graduation,Together,55761.0,0,1,2014-04-24,97,136,1,12,0,3,32,2,4,1,3,6,0,1,0,0,0,0,3,11,0
2681,1984,2n Cycle,Married,65370.0,0,0,2013-08-01,1,71,22,112,138,89,29,1,2,3,13,1,0,0,0,0,0,0,3,11,0
1545,1986,Graduation,Married,38508.0,1,0,2013-08-02,95,120,19,206,25,19,54,6,7,2,5,8,0,0,0,0,0,0,3,11,0
5113,1971,PhD,Divorced,86979.0,0,0,2013-11-07,67,584,100,835,65,83,35,1,5,5,5,2,1,0,0,0,0,0,3,11,1
6566,1954,PhD,Married,72550.0,1,1,2012-11-08,39,826,50,317,50,38,38,9,5,2,12,8,0,0,0,0,0,0,3,11,0
5229,1969,PhD,Together,54132.0,0,1,2014-02-16,81,30,1,8,0,0,3,1,1,0,3,7,0,0,0,0,0,0,3,11,0
4988,1948,PhD,Married,34469.0,1,1,2014-05-04,58,19,6,20,0,5,12,3,1,1,4,4,0,0,0,0,0,0,3,11,0
454,1980,Graduation,Together,69508.0,1,0,2012-11-14,48,824,32,162,42,32,43,2,11,4,11,6,0,0,0,0,0,0,3,11,0
4128,1962,PhD,Together,56067.0,0,1,2013-07-20,51,517,12,54,16,6,120,2,7,4,7,5,0,0,0,0,0,0,3,11,0
10479,1975,PhD,Married,76618.0,0,0,2012-12-07,64,749,40,294,121,160,147,1,3,2,5,1,0,0,0,0,0,0,3,11,0
692,1954,Graduation,Together,36807.0,1,1,2012-12-20,88,4,2,5,0,0,5,1,1,0,2,6,0,0,0,0,0,0,3,11,0
1915,1951,PhD,Married,78939.0,0,0,2013-12-12,57,794,115,243,150,0,205,1,8,5,6,3,0,0,0,0,0,0,3,11,0
6927,1968,PhD,Married,44377.0,1,1,2012-10-05,70,224,0,30,0,0,10,8,5,1,5,8,0,0,0,0,0,0,3,11,0
146,1960,PhD,Single,76045.0,0,0,2013-11-15,78,760,53,400,17,93,0,1,4,5,11,2,0,0,0,1,0,0,3,11,0
5121,1977,Graduation,Single,56628.0,0,1,2014-03-21,30,479,5,82,7,17,171,2,7,6,5,5,1,0,0,0,0,0,3,11,0
7124,1968,Graduation,Divorced,36997.0,1,1,2013-02-01,72,43,4,12,8,0,27,5,2,1,4,5,0,0,0,0,0,0,3,11,0
7712,1946,PhD,Single,62159.0,0,0,2014-04-28,68,182,17,259,77,70,29,1,6,2,10,4,0,0,0,0,0,0,3,11,0
8070,1973,PhD,Married,54222.0,0,1,2014-03-01,98,199,12,31,3,12,7,1,3,3,5,3,0,0,0,0,0,0,3,11,0
5350,1991,Master,Single,90638.0,0,0,2014-02-13,29,1156,120,915,94,144,96,1,3,4,10,1,0,0,1,0,0,0,3,11,1
8175,1992,Graduation,Married,34935.0,0,0,2013-06-21,71,34,4,66,3,10,20,1,2,1,4,7,0,0,0,0,0,0,3,11,0
4310,1944,Graduation,Married,80589.0,0,0,2014-01-22,25,507,93,520,242,40,26,1,5,10,5,1,0,0,0,1,0,0,3,11,1
10609,1962,PhD,Married,42769.0,0,1,2013-10-12,15,71,0,13,3,1,0,2,1,1,4,4,0,0,0,0,0,0,3,11,0
6318,1988,Graduation,Married,68487.0,0,0,2013-01-13,48,758,12,385,33,89,89,1,9,7,13,4,0,0,0,0,0,0,3,11,0
175,1986,Graduation,Married,71952.0,1,0,2013-01-10,93,656,80,455,52,107,93,2,8,4,8,4,1,0,1,0,0,0,3,11,0
10925,1983,Graduation,Married,76630.0,0,0,2014-01-14,93,255,31,446,40,56,175,1,3,10,11,1,0,0,0,0,0,0,3,11,0
6710,1951,Master,Single,58217.0,2,1,2012-11-17,84,68,1,13,3,5,13,1,2,0,4,6,0,0,0,0,0,0,3,11,0
2677,1956,Graduation,Together,46097.0,0,1,2013-03-31,11,72,24,68,65,4,8,5,3,1,6,4,0,0,0,0,0,0,3,11,0
1052,1969,Graduation,Married,56796.0,0,1,2013-02-16,24,656,38,161,62,47,37,3,8,9,7,7,0,0,0,0,0,0,3,11,0
3924,1965,PhD,Divorced,57912.0,0,1,2014-03-17,34,801,0,80,0,0,35,5,8,3,12,5,0,1,0,0,0,0,3,11,0
6609,1966,Graduation,Widow,27038.0,0,0,2012-09-18,64,1,26,25,17,23,15,1,3,0,3,9,0,0,0,0,0,0,3,11,1
2246,1965,2n Cycle,Married,46891.0,0,1,2013-09-01,91,43,12,23,29,15,61,1,2,1,4,4,0,0,0,0,0,0,3,11,0
4508,1952,Graduation,Single,75127.0,0,0,2014-05-22,92,203,35,305,46,17,227,1,2,11,5,1,0,0,0,0,0,0,3,11,0
182,1946,PhD,Together,44124.0,0,1,2013-05-11,62,284,0,55,0,6,52,4,6,2,5,8,0,0,0,0,0,0,3,11,0
4444,1972,Graduation,Married,30023.0,1,0,2014-03-24,28,11,0,16,7,6,21,1,2,0,3,8,0,0,0,0,0,0,3,11,0
1755,1988,2n Cycle,Together,45204.0,1,0,2014-04-11,93,30,11,25,29,1,18,1,1,1,4,3,0,0,0,0,0,0,3,11,0
9757,1972,Graduation,Together,84906.0,0,0,2013-10-04,98,997,15,414,99,30,76,1,5,6,12,2,0,1,1,0,1,0,3,11,0
5252,1969,Graduation,Divorced,23910.0,1,0,2012-10-26,80,16,12,18,7,1,13,1,2,0,3,7,0,0,0,0,0,0,3,11,0
9449,1958,PhD,Single,79761.0,0,1,2013-10-04,32,415,5,124,15,35,11,1,5,2,11,3,0,0,0,0,0,0,3,11,0
7631,1978,Master,Together,61346.0,1,0,2013-10-06,34,562,58,168,43,16,142,1,5,7,10,3,0,0,0,0,0,0,3,11,0
6941,1971,Graduation,Single,31632.0,0,0,2013-07-14,92,17,8,12,11,15,32,1,2,1,2,7,0,0,0,0,0,0,3,11,0
274,1973,Graduation,Single,34853.0,1,1,2013-12-23,75,9,3,15,2,3,2,2,2,0,3,6,0,0,0,0,0,0,3,11,0
10905,1955,Graduation,Together,42586.0,1,1,2012-10-29,7,194,2,56,0,0,0,5,4,1,6,8,0,0,0,0,0,0,3,11,1
2870,1973,Graduation,Married,49094.0,0,1,2012-09-21,6,376,0,38,11,8,69,5,6,3,6,6,0,0,0,0,0,0,3,11,0
368,1974,Graduation,Married,40049.0,0,1,2012-11-29,61,91,65,52,10,44,28,3,3,2,6,5,0,0,0,0,0,0,3,11,0
9727,1957,Graduation,Married,23539.0,0,0,2014-02-28,13,4,24,11,16,1,25,1,2,0,4,6,0,0,0,0,0,0,3,11,0
4971,1962,PhD,Together,31497.0,0,1,2012-12-06,22,108,1,28,13,1,4,2,3,1,4,8,0,0,0,0,0,0,3,11,0
7034,1978,2n Cycle,Married,25804.0,1,0,2013-09-01,34,8,7,9,13,6,12,2,2,0,3,8,0,0,0,0,0,0,3,11,0
8180,1952,Master,Divorced,59354.0,1,1,2013-11-15,53,233,2,53,3,5,14,3,6,1,5,6,0,0,0,0,0,0,3,11,0
9336,1969,PhD,Widow,62187.0,0,1,2014-03-22,38,512,0,83,0,0,41,3,6,2,10,4,0,0,0,0,0,0,3,11,0
940,1987,Graduation,Single,57100.0,1,0,2014-05-18,9,158,11,99,15,11,17,2,3,2,7,3,0,0,0,0,0,0,3,11,0
2874,1988,2n Cycle,Divorced,35388.0,1,0,2013-03-07,20,6,4,7,4,3,8,1,1,0,3,7,0,0,0,0,0,0,3,11,0
7451,1960,Master,Single,98777.0,0,0,2014-02-17,23,1000,19,711,125,115,38,0,4,6,9,1,0,1,0,0,0,0,3,11,0
10377,1958,Master,Together,46692.0,0,1,2013-06-06,37,170,6,97,24,12,88,3,6,1,5,6,0,0,0,0,0,0,3,11,0
5120,1982,2n Cycle,Together,66664.0,0,0,2012-09-25,78,398,96,447,220,96,32,1,5,7,6,3,0,0,0,0,0,0,3,11,0
4769,1977,Master,Together,57954.0,1,1,2014-06-18,52,456,4,24,0,0,9,7,8,2,6,7,0,1,0,0,0,0,3,11,0
2886,1971,Master,Divorced,74290.0,0,1,2013-08-12,70,1121,0,72,0,12,12,4,10,8,10,6,0,1,0,1,0,0,3,11,0
4333,1954,Graduation,Together,32144.0,1,1,2014-03-23,76,41,0,10,0,0,3,4,2,1,3,7,0,1,0,0,0,0,3,11,0
6202,1960,Graduation,Together,63381.0,0,1,2012-10-05,78,571,50,142,33,50,159,4,4,5,13,2,0,0,0,0,0,0,3,11,0
6246,1953,Graduation,Single,73892.0,0,0,2013-11-13,40,703,102,601,0,58,43,1,3,11,8,1,0,0,0,0,0,0,3,11,1
2902,1958,Graduation,Together,,1,1,2012-09-03,87,19,4,12,2,2,6,1,1,0,3,5,0,0,0,0,0,0,3,11,0
3298,1956,Master,Married,52973.0,0,1,2012-11-08,92,856,0,76,12,9,199,7,9,6,9,8,0,0,0,0,0,0,3,11,0
6878,1954,Graduation,Widow,27421.0,0,0,2012-12-12,14,43,12,96,78,40,55,3,4,1,6,7,0,0,0,0,0,0,3,11,0
2131,1959,PhD,Divorced,62859.0,0,1,2012-12-30,37,1063,89,102,16,12,25,4,9,4,6,6,0,0,0,0,0,0,3,11,0
2931,1978,Graduation,Divorced,71847.0,0,0,2012-09-21,95,737,21,106,55,63,210,0,6,7,9,3,0,0,0,1,0,0,3,11,0
7617,1974,Graduation,Single,42373.0,1,1,2013-08-15,83,67,5,61,3,8,19,5,2,1,5,5,0,0,0,0,0,0,3,11,0
7428,1975,Graduation,Together,80144.0,0,0,2013-09-30,47,240,132,445,250,192,108,1,3,7,8,1,0,0,0,0,0,0,3,11,0
2337,1971,Graduation,Divorced,29819.0,1,0,2013-10-24,77,9,1,24,2,1,2,3,3,0,3,6,0,0,0,0,0,0,3,11,0
955,1962,Master,Together,47175.0,1,1,2012-10-28,81,167,2,44,6,2,19,7,4,2,4,8,1,0,0,0,0,0,3,11,1
10854,1970,PhD,Married,38853.0,1,1,2014-05-23,90,29,0,14,0,0,2,2,2,0,3,7,0,0,0,0,0,0,3,11,0
2942,1964,Graduation,Single,45906.0,0,1,2013-05-07,20,305,3,27,4,3,144,2,5,4,4,5,1,0,0,0,0,0,3,11,0
7419,1968,Master,Divorced,27071.0,1,0,2014-04-23,90,8,3,19,0,2,3,2,2,0,3,6,0,0,0,0,0,0,3,11,0
2798,1977,PhD,Together,102160.0,0,0,2012-11-02,54,763,29,138,76,176,58,0,7,9,10,4,0,1,1,1,0,0,3,11,1
3678,1973,Graduation,Widow,60208.0,1,1,2012-10-07,13,488,23,71,15,0,59,11,8,3,7,7,0,1,0,0,0,0,3,11,1
1459,1966,PhD,Married,69063.0,0,1,2012-11-07,16,666,35,124,69,8,26,1,5,3,5,3,0,0,0,0,0,0,3,11,0
606,1967,Graduation,Single,25930.0,1,1,2013-10-10,87,6,1,2,2,0,4,1,1,0,2,7,0,0,0,0,0,0,3,11,0
1340,1986,Graduation,Married,92910.0,0,0,2014-04-24,42,551,137,792,179,103,33,1,6,7,13,1,0,1,1,1,0,0,3,11,0
2315,1960,Graduation,Divorced,58401.0,0,1,2014-04-20,55,10,0,11,17,29,29,1,1,2,2,4,0,0,0,0,0,0,3,11,0
9097,1956,Graduation,Divorced,46086.0,0,1,2013-11-03,34,244,8,32,7,2,50,4,3,1,8,4,0,0,0,0,0,0,3,11,0
1031,1989,2n Cycle,Married,85710.0,0,0,2013-05-05,5,600,20,350,29,30,33,1,6,9,10,2,0,0,1,0,0,0,3,11,0
7873,1973,PhD,Together,63516.0,1,1,2013-07-06,30,141,11,114,15,14,5,4,4,1,7,5,0,0,0,0,0,0,3,11,0
954,1960,Basic,Widow,22123.0,0,0,2014-03-27,77,3,3,24,34,7,31,1,2,1,3,5,0,0,0,0,0,0,3,11,0
2392,1972,Graduation,Married,40321.0,1,1,2013-07-29,59,44,4,21,6,0,27,2,3,0,3,7,0,0,0,0,0,0,3,11,0
8036,1971,2n Cycle,Together,26850.0,1,1,2014-04-18,10,31,1,13,7,2,9,4,2,1,4,4,0,0,0,0,0,0,3,11,0
5626,1964,PhD,Single,61798.0,0,0,2013-11-23,13,338,4,89,11,8,13,1,4,2,9,4,0,0,0,0,0,0,3,11,0
1519,1972,PhD,Single,38578.0,1,1,2013-06-22,2,38,4,22,3,3,3,3,3,0,3,8,0,0,0,0,0,0,3,11,1
8373,1979,Basic,Together,24594.0,1,0,2013-12-10,94,1,3,6,10,0,9,1,1,0,3,5,0,0,0,0,0,0,3,11,0
2918,1981,Graduation,Divorced,28510.0,1,1,2013-04-13,72,44,5,19,0,4,19,3,2,0,4,5,0,0,0,0,0,0,3,11,0
6205,1967,Master,Single,32557.0,1,0,2014-02-24,13,34,3,29,0,4,10,3,2,1,3,5,0,0,0,0,0,0,3,11,1
1880,1959,PhD,Together,53537.0,1,1,2014-01-30,17,81,0,6,0,0,6,2,2,1,3,5,0,0,0,0,0,0,3,11,0
4058,1955,PhD,Single,61284.0,0,0,2013-10-12,76,618,15,106,20,7,45,1,11,2,8,6,0,1,0,0,0,0,3,11,0
437,1976,Master,Divorced,75012.0,0,0,2014-01-25,41,294,142,218,164,58,151,1,3,8,11,1,0,0,0,0,0,0,3,11,0
4867,1968,PhD,Single,38236.0,1,1,2013-09-20,2,58,0,18,2,0,10,4,3,0,4,7,0,0,0,0,0,0,3,11,0
6721,1951,Graduation,Married,71965.0,0,1,2013-07-29,21,572,19,286,50,38,248,3,6,3,5,3,0,0,0,0,0,0,3,11,0
6613,1970,Master,Married,44511.0,1,0,2012-10-12,39,513,7,133,46,14,14,6,8,4,8,8,0,0,0,0,0,0,3,11,0
5136,1973,Graduation,Single,65333.0,0,1,2014-01-17,58,654,7,92,0,15,30,7,9,4,8,6,0,1,1,0,0,0,3,11,0
4749,1968,Graduation,Together,58554.0,1,1,2012-09-26,55,368,24,68,38,0,88,6,8,2,6,7,0,0,0,0,0,0,3,11,0
2286,1962,Graduation,Single,50785.0,1,1,2013-09-10,27,64,1,21,0,1,27,2,2,1,3,6,0,0,0,0,0,0,3,11,0
1859,1972,Master,Married,75251.0,0,0,2012-08-27,34,721,111,925,97,18,18,1,7,6,5,5,0,0,0,0,0,0,3,11,1
6504,1975,2n Cycle,Together,19789.0,1,0,2013-11-20,24,2,5,9,28,6,28,3,2,1,3,5,1,0,0,0,0,0,3,11,0
7101,1963,PhD,Widow,52278.0,0,1,2013-01-25,24,953,0,71,0,0,174,6,10,5,10,8,0,0,0,0,0,0,3,11,0
5177,1974,Master,Married,58494.0,0,1,2013-12-12,56,298,7,68,4,0,19,2,6,2,6,6,0,0,0,0,0,0,3,11,0
2815,1975,Graduation,Married,33183.0,1,0,2014-02-24,46,7,5,39,17,15,37,2,4,0,3,7,0,0,0,0,0,0,3,11,0
1307,1978,Graduation,Divorced,41986.0,0,1,2014-02-09,15,27,5,8,8,3,12,3,3,0,4,4,0,0,0,0,0,0,3,11,0
4095,1971,Graduation,Married,37150.0,1,0,2012-09-11,80,167,37,64,49,34,116,8,4,3,6,7,0,0,0,0,0,0,3,11,0
1503,1976,PhD,Together,162397.0,1,1,2013-06-03,31,85,1,16,2,1,2,0,0,0,1,1,0,0,0,0,0,0,3,11,0
4954,1956,Graduation,Married,48195.0,1,1,2014-01-21,53,106,27,68,52,7,5,6,4,2,5,6,0,0,0,0,0,0,3,11,0
7458,1956,Master,Together,34941.0,1,1,2013-03-06,26,39,2,25,4,3,24,2,3,0,3,8,0,0,0,0,0,0,3,11,0
1361,1974,Master,Married,82584.0,0,0,2013-06-04,26,1076,68,103,29,91,68,1,3,4,8,1,0,1,1,0,0,0,3,11,1
9386,1962,Graduation,Together,50127.0,0,1,2014-05-29,88,274,0,21,4,6,15,1,5,1,6,6,0,1,0,0,0,0,3,11,0
3870,1978,2n Cycle,Together,63855.0,0,0,2013-02-09,28,359,35,314,93,116,89,1,7,3,13,4,0,0,0,0,0,0,3,11,0
2948,1954,Master,Divorced,62637.0,0,1,2014-03-01,76,104,12,48,4,12,5,1,2,2,5,2,0,0,0,0,0,0,3,11,0
8650,1978,Graduation,Widow,54162.0,1,1,2013-03-18,31,5,6,10,6,5,10,1,1,0,3,4,0,0,0,0,0,0,3,11,0
3479,1950,Graduation,Single,16813.0,0,0,2013-07-19,49,4,8,11,12,2,13,1,2,0,3,7,1,0,0,0,0,0,3,11,0
7488,1963,Master,Single,64191.0,0,1,2013-01-22,30,420,15,186,151,38,15,3,5,3,13,3,0,0,0,0,0,0,3,11,0
1079,1971,PhD,Married,71969.0,0,1,2012-10-16,59,1000,0,76,0,0,10,3,3,4,9,8,0,1,0,0,0,0,3,11,0
11007,1968,PhD,Married,29187.0,1,0,2013-05-09,43,26,0,6,0,0,2,1,1,0,3,8,0,0,0,0,0,0,3,11,0
10311,1969,Graduation,Married,4428.0,0,1,2013-10-05,0,16,4,12,2,4,321,0,25,0,0,1,0,0,0,0,0,0,3,11,0
11101,1991,Graduation,Together,89891.0,0,0,2013-04-15,17,412,22,132,59,28,183,1,11,6,8,4,0,0,1,0,0,0,3,11,0
8395,1961,Graduation,Single,82014.0,0,0,2012-08-20,48,980,37,265,35,163,31,1,3,6,12,6,0,0,0,0,0,0,3,11,1
6382,1953,Graduation,Together,48794.0,1,1,2014-06-26,97,25,0,11,3,0,15,1,1,0,3,4,0,0,0,0,0,0,3,11,0
2008,1978,Graduation,Married,77583.0,0,0,2014-02-10,93,372,23,384,250,12,108,1,4,5,9,2,0,0,0,1,0,0,3,11,0
4550,1966,Master,Together,33564.0,0,1,2014-06-24,51,61,0,3,0,0,7,1,1,1,3,5,0,0,0,0,0,0,3,11,0
10492,1959,Graduation,Together,38285.0,2,1,2014-06-24,96,2,0,5,2,0,1,1,0,0,3,2,0,0,0,0,0,0,3,11,0
2426,1964,PhD,Divorced,78825.0,0,0,2012-09-14,35,483,74,114,169,37,18,1,5,10,13,3,0,0,0,0,0,0,3,11,1
7842,1968,Graduation,Single,36065.0,1,1,2013-03-31,54,18,7,34,10,2,3,3,3,0,3,8,0,0,0,0,0,0,3,11,0
7600,1992,Basic,Single,15253.0,1,0,2013-10-28,13,1,3,3,8,1,13,2,1,0,3,7,0,0,0,0,0,0,3,11,0
635,1966,Master,Married,57183.0,1,1,2013-03-19,51,464,5,64,7,0,70,8,9,1,7,8,0,0,0,0,0,0,3,11,0
8560,1992,Graduation,Single,48789.0,0,0,2012-09-10,94,351,16,156,7,5,145,1,6,4,7,6,0,0,0,0,0,0,3,11,0
10971,1977,Graduation,Single,37774.0,2,0,2012-09-03,28,173,8,107,7,2,176,4,7,2,3,9,1,0,0,0,0,1,3,11,1
5848,1970,Graduation,Together,81205.0,0,0,2014-01-13,43,724,74,929,97,55,130,1,5,6,7,2,1,0,1,0,1,0,3,11,1
8624,1958,Graduation,Married,81320.0,0,0,2013-02-06,61,183,33,493,59,103,57,1,4,3,10,2,0,0,0,0,0,0,3,11,0
9977,1973,Graduation,Divorced,78901.0,0,1,2013-09-17,99,321,11,309,33,26,34,3,9,3,5,4,0,0,0,0,0,0,3,11,0
3334,1951,Graduation,Married,94642.0,0,0,2014-02-12,35,879,143,797,106,143,143,0,5,7,9,1,0,0,1,1,0,0,3,11,0
2920,1975,PhD,Single,52614.0,0,1,2012-12-01,63,789,0,142,12,9,38,2,2,4,8,8,0,0,0,0,0,0,3,11,0
3112,1977,Master,Married,22701.0,1,0,2013-09-05,2,2,4,9,0,4,5,1,1,0,3,5,0,0,0,0,0,0,3,11,0
1502,1983,Graduation,Together,28427.0,1,0,2013-03-21,67,18,3,19,3,3,6,2,2,0,3,8,0,0,0,0,0,0,3,11,0
6679,1966,Graduation,Single,33279.0,0,0,2014-06-12,29,10,3,3,0,0,0,1,0,0,3,3,0,0,0,0,0,0,3,11,0
7250,1978,Graduation,Together,57867.0,1,0,2013-10-01,48,344,35,178,15,23,17,7,7,2,9,6,0,0,0,0,0,0,3,11,0
5237,1950,PhD,Single,48767.0,1,2,2014-01-01,79,28,1,21,3,0,10,3,2,1,3,5,0,0,0,0,0,0,3,11,0
607,1955,2n Cycle,Divorced,41769.0,0,1,2013-02-13,31,302,29,131,32,0,27,6,8,1,7,8,0,0,0,0,0,0,3,11,0
7235,1975,2n Cycle,Married,17003.0,1,0,2013-12-09,37,2,5,12,4,8,7,3,2,0,4,5,0,0,0,0,0,0,3,11,0
9971,1964,PhD,Married,65526.0,0,1,2014-04-11,22,397,19,69,12,0,9,1,4,4,8,2,0,0,0,0,0,0,3,11,0
7007,1968,Master,Married,29543.0,2,0,2014-04-01,47,17,3,18,3,4,18,2,3,1,2,7,0,0,0,0,0,0,3,11,0
6518,1951,PhD,Widow,67680.0,0,1,2013-06-11,8,546,0,48,0,6,6,1,7,3,8,5,0,0,0,0,0,0,3,11,0
3376,1970,Master,Divorced,55282.0,1,0,2013-12-13,9,125,6,73,8,4,19,1,3,1,6,4,0,0,0,0,0,0,3,11,0
10629,1973,2n Cycle,Married,,1,0,2012-09-14,25,25,3,43,17,4,17,3,3,0,3,8,0,0,0,0,0,0,3,11,0
10395,1986,Basic,Single,8940.0,1,0,2012-08-22,25,1,45,3,4,6,42,3,3,1,3,8,0,0,0,0,0,0,3,11,0
6872,1974,PhD,Married,65352.0,0,1,2013-08-21,43,284,3,84,4,7,23,2,4,2,8,4,0,0,0,0,0,0,3,11,0
6466,1965,PhD,Married,57236.0,1,1,2014-03-12,22,105,0,9,2,1,4,3,2,1,4,3,0,0,0,0,0,0,3,11,0
11039,1975,Graduation,Married,51948.0,0,1,2013-09-17,51,82,33,54,71,30,41,2,5,2,4,5,0,0,0,0,0,0,3,11,0
1513,1979,2n Cycle,Together,60839.0,1,1,2012-08-28,72,600,21,128,223,150,128,13,2,2,12,8,0,0,0,0,0,0,3,11,0
7872,1975,PhD,Married,86836.0,0,0,2012-09-12,7,179,21,273,0,21,63,1,6,10,6,5,1,0,1,1,0,0,3,11,1
2456,1975,PhD,Married,40233.0,0,1,2013-10-14,84,80,4,46,0,17,2,5,2,1,5,6,0,0,0,0,0,0,3,11,0
8140,1973,Graduation,Together,22682.0,1,0,2013-10-03,51,10,14,29,4,2,36,3,2,1,4,4,0,0,0,0,0,0,3,11,0
736,1983,Graduation,Together,28427.0,1,0,2013-03-21,67,18,3,19,3,3,6,2,2,0,3,8,0,0,0,0,0,0,3,11,0
2406,1949,Graduation,Together,54591.0,0,1,2013-08-05,63,376,4,94,12,9,24,3,6,2,8,5,0,0,0,0,0,0,3,11,0
49,1970,Graduation,Single,20587.0,1,0,2014-05-11,39,2,3,6,4,1,9,1,1,1,2,7,0,0,0,0,0,0,3,11,0
2130,1982,Graduation,Together,45203.0,2,0,2014-03-23,4,35,3,67,10,8,24,1,3,1,3,6,0,0,0,0,0,0,3,11,1
702,1975,2n Cycle,Widow,47682.0,0,1,2013-02-15,80,162,61,83,97,57,61,4,4,3,8,5,0,0,0,0,0,0,3,11,0
5832,1960,2n Cycle,Together,92556.0,0,0,2014-04-20,32,493,183,352,184,23,28,0,3,5,13,0,0,0,0,0,0,0,3,11,0
8091,1956,Graduation,Married,63943.0,0,1,2012-09-02,50,423,184,368,13,97,21,1,6,4,6,5,0,0,0,0,0,0,3,11,0
624,1984,Master,Single,18890.0,0,0,2012-11-10,5,6,4,1,7,2,15,1,0,1,2,6,1,0,0,0,0,0,3,11,1
4394,1965,PhD,Married,81051.0,0,0,2014-05-23,43,1142,29,249,38,29,14,1,5,5,12,2,0,1,1,0,0,0,3,11,0
10448,1956,Graduation,Single,46998.0,0,1,2012-10-22,55,172,41,86,45,6,27,5,5,3,5,7,1,0,0,0,0,0,3,11,0
9495,1982,Graduation,Together,71853.0,0,0,2013-05-08,29,358,108,413,141,97,32,1,2,8,6,1,0,0,0,0,0,0,3,11,0
1381,1982,PhD,Single,38513.0,1,0,2014-01-28,20,172,3,115,16,0,18,5,6,1,5,8,0,0,0,0,0,0,3,11,1
9323,1949,Master,Together,49912.0,0,1,2012-09-07,5,520,8,223,32,49,42,4,10,5,7,8,1,0,0,0,0,0,3,11,1
9860,1959,Graduation,Together,44911.0,0,1,2013-03-15,11,159,0,22,2,1,31,3,4,1,4,7,0,0,0,0,0,0,3,11,0
4483,1993,Graduation,Single,72354.0,0,0,2013-04-17,67,315,26,473,220,12,182,1,2,10,6,1,0,0,0,0,0,0,3,11,0
944,1962,Graduation,Married,56181.0,0,1,2013-01-08,6,121,103,69,8,44,48,1,4,2,7,4,0,0,0,0,0,0,3,11,0
4047,1954,PhD,Married,65324.0,0,1,2014-01-11,0,384,0,102,21,32,5,3,6,2,9,4,0,0,0,0,0,0,3,11,0
5517,1969,Graduation,Married,25293.0,1,0,2013-09-15,51,15,0,11,0,2,9,1,1,1,2,8,0,0,0,0,0,0,3,11,0
8746,1989,Graduation,Married,75433.0,1,0,2014-04-05,28,800,0,297,0,34,57,2,2,5,10,6,0,1,0,1,0,0,3,11,0
6379,1949,Master,Widow,47570.0,1,1,2013-05-29,3,67,1,20,0,2,31,3,2,2,2,7,0,0,0,0,0,0,3,11,1
10727,1970,PhD,Married,69084.0,1,0,2013-11-19,43,1181,107,199,39,30,30,2,7,3,13,8,0,0,0,0,0,0,3,11,0
3710,1984,PhD,Single,39684.0,1,0,2012-10-12,41,19,0,35,6,4,17,2,2,1,2,7,0,0,0,0,0,1,3,11,1
6422,1954,Graduation,Married,86718.0,0,0,2013-01-17,20,344,189,482,50,33,172,1,5,6,5,2,0,0,0,0,0,0,3,11,0
9305,1976,2n Cycle,Single,79689.0,0,0,2013-05-12,65,311,26,640,180,37,121,1,4,9,13,2,0,0,0,0,0,0,3,11,0
4440,1964,Master,Married,64100.0,0,1,2013-09-10,93,509,0,27,0,0,10,1,8,3,6,7,0,1,0,0,0,0,3,11,0
7822,1976,Graduation,Together,54058.0,0,1,2013-06-04,56,198,18,252,32,108,54,2,4,6,8,3,0,0,0,0,0,0,3,11,0
8375,1968,PhD,Married,55954.0,0,1,2014-03-03,63,447,0,28,0,0,43,3,8,2,6,7,0,0,0,0,0,0,3,11,0
3945,1947,PhD,Widow,68117.0,0,1,2013-03-10,80,618,44,215,0,17,36,2,11,8,4,6,1,0,0,0,0,0,3,11,1
4480,1973,Master,Married,60432.0,0,1,2014-03-09,61,365,3,15,4,3,11,5,7,2,5,6,0,0,0,0,0,0,3,11,0
6663,1940,PhD,Single,51141.0,0,0,2013-07-08,96,144,0,7,0,0,6,1,3,1,4,5,0,0,0,0,0,0,3,11,0
8182,1984,Graduation,Married,23228.0,1,0,2014-01-05,91,53,3,49,7,4,5,4,3,0,4,8,0,0,0,0,0,0,3,11,0
10613,1958,PhD,Together,37334.0,1,1,2014-02-26,44,26,1,16,2,2,15,4,3,0,4,4,0,0,0,0,0,0,3,11,0
309,1961,PhD,Together,63342.0,0,1,2012-10-16,48,918,21,118,13,10,21,3,8,3,5,6,0,1,0,0,0,0,3,11,0
425,1985,Graduation,Married,55357.0,2,0,2013-02-19,66,374,64,116,84,25,64,3,6,2,11,5,0,0,0,0,0,0,3,11,0
4037,1976,Graduation,Divorced,31859.0,1,0,2013-06-14,77,3,1,3,8,0,5,1,1,0,2,7,0,0,0,0,0,0,3,11,0
2631,1982,Graduation,Together,71853.0,0,0,2013-05-08,29,358,108,413,141,97,32,1,2,8,6,1,0,0,0,0,0,0,3,11,0
1745,1962,PhD,Divorced,85696.0,0,0,2013-05-03,88,714,76,395,116,0,12,1,4,6,9,1,0,0,0,0,0,0,3,11,1
1650,1960,Master,Married,81843.0,0,0,2013-04-22,13,779,86,537,34,69,138,1,5,9,12,3,0,0,0,0,0,0,3,11,0
9360,1982,Graduation,Married,37040.0,0,0,2012-08-08,41,86,2,73,69,38,48,1,4,2,5,8,0,0,0,0,0,0,3,11,0
10262,1980,Graduation,Married,15072.0,2,0,2013-05-10,96,8,2,15,0,10,18,4,3,1,3,5,0,0,0,0,0,0,3,11,0
9543,1985,Graduation,Married,19986.0,1,0,2013-11-14,74,3,6,5,0,2,6,1,0,0,3,7,0,0,0,0,0,0,3,11,0
2036,1973,PhD,Together,57906.0,0,1,2013-06-11,29,243,11,119,10,3,15,3,4,2,8,4,0,0,0,0,0,0,3,11,0
3179,1980,Graduation,Single,81741.0,0,0,2013-06-16,75,249,153,940,58,134,38,0,6,6,7,2,0,0,0,0,0,0,3,11,0
4119,1963,Master,Together,38620.0,0,0,2013-05-11,56,112,17,44,34,22,89,1,2,5,3,3,0,0,0,0,0,0,3,11,0
6024,1953,Graduation,Together,94384.0,0,0,2013-03-04,62,1111,24,790,160,45,172,0,5,8,5,2,0,1,1,1,0,0,3,11,1
8486,1971,Master,Together,30538.0,1,0,2012-10-01,27,284,0,52,8,3,20,4,9,0,4,10,0,0,0,0,0,0,3,11,0
8432,1956,Graduation,Together,54450.0,1,1,2012-09-14,0,454,0,171,8,19,32,12,9,2,8,8,0,0,0,0,0,0,3,11,0
2379,1953,Graduation,Single,69267.0,0,0,2012-09-22,31,778,44,499,95,73,146,2,3,4,5,7,0,0,0,0,0,0,3,11,1
3265,1959,Graduation,Married,35701.0,0,0,2013-03-19,36,21,1,9,7,3,5,1,1,0,3,6,0,0,0,0,0,0,3,11,0
4547,1960,Graduation,Together,13672.0,1,1,2013-04-17,86,6,2,9,2,1,5,2,1,0,3,8,0,0,0,0,0,0,3,11,0
2975,1976,Graduation,Together,85606.0,0,1,2012-11-12,89,717,42,864,219,30,84,2,6,7,9,3,0,0,0,1,0,0,3,11,0
9937,1979,Graduation,Single,70337.0,0,0,2014-01-02,75,187,81,149,25,43,91,1,2,2,12,1,0,0,0,0,0,0,3,11,0
6488,1959,PhD,Married,38829.0,0,1,2014-04-06,86,76,0,7,0,0,16,1,3,2,2,5,0,0,0,0,0,0,3,11,0
8692,1952,Graduation,Together,43462.0,1,1,2012-09-12,50,90,17,97,15,6,15,6,4,1,5,8,0,0,0,0,0,0,3,11,0
3767,1968,Graduation,Married,61314.0,0,1,2013-04-25,1,378,0,189,97,172,172,2,5,5,12,3,0,0,0,0,0,0,3,11,0
1456,1979,Graduation,Single,60474.0,0,1,2013-04-01,25,265,199,303,234,9,170,7,10,2,12,7,0,0,0,0,0,0,3,11,0
3598,1972,Graduation,Married,62710.0,0,1,2013-05-23,53,441,35,83,7,29,11,4,4,2,12,4,0,0,0,0,0,0,3,11,0
7540,1952,Graduation,Married,50300.0,0,1,2014-05-25,52,143,15,60,24,23,5,2,2,1,8,2,0,0,0,0,0,0,3,11,0
10401,1976,2n Cycle,Together,26326.0,0,0,2013-09-04,12,1,0,5,0,3,9,1,0,0,3,3,0,0,0,0,0,1,3,11,0
5710,1970,Graduation,Together,40548.0,0,1,2012-10-10,31,110,0,5,2,0,3,2,2,1,4,5,0,1,0,0,0,0,3,11,0
2534,1953,Graduation,Married,37716.0,0,1,2014-04-21,4,97,1,41,6,2,41,2,4,1,3,7,0,0,0,0,0,0,3,11,0
269,1963,PhD,Single,46757.0,0,1,2012-11-16,71,777,30,163,0,51,122,6,4,4,7,9,0,0,0,0,0,0,3,11,0
3032,1984,Graduation,Married,24570.0,1,0,2013-02-27,97,28,34,62,11,14,44,3,4,0,4,9,0,0,0,0,0,0,3,11,0
1212,1973,Graduation,Married,52845.0,1,0,2013-08-13,7,384,25,292,130,41,64,3,8,8,6,6,1,0,0,0,0,0,3,11,0
9923,1972,Master,Single,46423.0,1,1,2013-09-18,6,68,0,16,0,0,8,3,2,0,4,7,0,0,0,0,0,0,3,11,0
9723,1960,Graduation,Married,67716.0,0,1,2013-01-10,8,530,142,217,62,9,56,4,7,4,13,5,0,1,0,0,0,0,3,11,0
6815,1980,2n Cycle,Married,96547.0,0,0,2014-05-23,4,448,21,125,52,101,62,0,7,6,8,2,1,0,1,1,0,0,3,11,1
9274,1961,Master,Married,80950.0,0,0,2013-03-28,44,525,147,112,219,147,63,1,6,7,9,2,0,0,0,1,0,0,3,11,0
380,1954,Graduation,Divorced,64497.0,0,1,2012-09-10,17,1170,48,320,42,32,192,5,11,4,9,8,1,0,0,0,0,0,3,11,1
9,1975,Master,Single,46098.0,1,1,2012-08-18,86,57,0,27,0,0,36,4,3,2,2,8,0,0,0,0,0,0,3,11,0
6197,1962,PhD,Single,27238.0,1,1,2013-04-20,39,37,0,17,0,0,3,3,3,0,3,9,0,0,0,0,0,0,3,11,0
6261,1979,Graduation,Married,58025.0,0,1,2013-11-26,81,270,31,88,11,48,22,3,3,2,10,4,0,0,0,0,0,0,3,11,0
2930,1978,Master,Single,68092.0,0,0,2013-12-16,7,852,60,207,78,36,48,2,2,6,10,5,0,0,0,0,0,0,3,11,0
3194,1974,PhD,Single,71466.0,0,0,2014-04-05,86,412,12,546,78,182,0,1,4,4,10,1,0,0,0,0,0,0,3,11,0
6214,1982,Master,Married,43815.0,1,0,2013-04-05,53,14,10,29,4,7,15,1,2,0,3,6,0,0,0,0,0,0,3,11,0
1215,1978,Graduation,Together,70440.0,0,0,2013-10-08,49,690,117,499,76,102,88,1,5,10,7,3,0,0,0,1,0,0,3,11,0
9829,1978,Graduation,Together,28587.0,1,0,2014-02-12,42,22,4,17,12,10,13,3,2,0,4,6,0,0,0,0,0,0,3,11,0
2736,1978,Graduation,Married,73807.0,0,1,2013-01-02,88,366,124,156,71,78,54,2,5,5,11,2,0,0,0,0,0,0,3,11,0
1676,1975,Graduation,Married,43057.0,0,1,2013-10-30,30,213,2,44,0,2,5,4,4,2,5,5,0,0,0,0,0,0,3,11,0
10001,1985,2n Cycle,Together,7500.0,1,0,2012-08-01,98,5,17,17,13,14,34,4,2,1,3,9,0,0,0,0,0,0,3,11,0
8700,1986,Basic,Single,14906.0,0,0,2012-12-22,86,7,7,14,7,16,15,3,2,1,3,7,0,0,0,0,0,0,3,11,0
8749,1984,Graduation,Together,37235.0,1,0,2014-02-01,68,20,2,9,4,6,20,1,1,1,2,4,0,0,0,0,0,0,3,11,0
2075,1969,Graduation,Married,72460.0,0,0,2013-11-14,56,377,10,540,80,30,10,1,3,5,7,1,0,0,0,0,0,0,3,11,0
10846,1978,Master,Married,43783.0,1,0,2014-05-29,22,327,9,125,25,4,139,6,7,1,8,7,1,0,0,0,0,0,3,11,0
3526,1968,PhD,Married,38443.0,1,1,2014-01-27,58,32,0,5,0,0,1,2,1,0,3,7,0,0,0,0,0,0,3,11,0
10882,1976,Graduation,Married,53858.0,0,1,2012-11-09,50,407,53,221,58,150,26,4,4,3,6,4,0,0,0,0,0,0,3,11,0
7462,1954,Graduation,Single,22507.0,0,0,2012-11-24,67,68,0,226,51,157,68,3,10,2,4,9,0,0,0,0,0,0,3,11,0
7505,1957,PhD,Married,44155.0,1,1,2014-01-19,24,22,1,9,0,0,14,1,1,1,2,4,0,0,0,0,0,0,3,11,0
11074,1977,Graduation,Single,85072.0,0,0,2014-04-09,94,494,92,391,194,11,241,1,3,4,10,0,0,0,0,0,0,0,3,11,0
8164,1978,PhD,Married,82170.0,0,0,2013-11-25,13,1023,93,651,49,55,37,1,5,6,7,2,0,0,0,0,0,0,3,11,0
9553,1987,Graduation,Married,7500.0,0,0,2013-01-09,94,0,2,3,4,1,5,1,0,0,3,6,0,0,0,0,0,0,3,11,0
451,1989,Graduation,Single,9255.0,1,0,2013-12-20,91,9,0,7,2,0,4,1,1,1,2,8,0,0,0,0,0,0,3,11,0
4877,1973,Master,Married,38576.0,0,1,2014-03-04,2,34,0,7,0,0,0,1,1,0,3,7,0,0,0,0,0,0,3,11,0
1137,1964,Graduation,Single,81246.0,0,0,2013-12-29,87,398,190,537,61,156,37,1,4,5,7,1,1,0,0,1,0,0,3,11,0
8726,1964,2n Cycle,Divorced,41713.0,1,1,2014-04-29,57,77,8,44,10,10,25,5,3,1,4,6,0,0,0,0,0,0,3,11,0
7532,1980,Graduation,Married,43586.0,0,1,2012-08-30,26,99,2,11,4,0,16,3,3,0,4,8,0,0,0,0,0,0,3,11,0
4837,1965,PhD,Married,71322.0,0,1,2013-02-16,57,753,43,226,69,10,204,2,8,5,13,4,0,0,0,0,0,0,3,11,0
7384,1951,Master,Together,39767.0,0,0,2013-07-21,18,113,61,204,34,26,47,2,7,1,7,8,0,0,0,0,0,0,3,11,0
1448,1963,Master,Married,33562.0,1,2,2014-06-25,33,21,12,12,0,3,3,3,2,0,4,4,0,0,0,0,0,0,3,11,0
1371,1976,Graduation,Single,79941.0,0,0,2014-06-28,72,123,164,266,227,30,174,1,2,4,9,1,0,0,0,0,0,0,3,11,0
405,1964,Graduation,Divorced,41638.0,0,1,2013-02-13,68,315,0,31,4,0,91,4,5,5,3,8,1,0,0,0,0,0,3,11,0
5156,1970,2n Cycle,Married,62466.0,0,1,2014-01-15,13,129,129,259,168,121,83,5,6,3,12,4,0,0,0,0,0,0,3,11,0
10451,1965,Graduation,Together,29672.0,1,1,2013-03-12,6,9,1,3,0,4,8,1,0,0,3,6,0,0,0,0,0,0,3,11,0
6730,1954,Graduation,Married,38998.0,1,1,2012-11-03,92,34,1,14,0,0,5,3,2,0,3,8,0,0,0,0,0,1,3,11,0
254,1955,Graduation,Together,53863.0,0,1,2014-05-17,4,399,4,30,6,4,30,3,7,1,7,7,0,1,0,0,0,0,3,11,0
10556,1959,Graduation,Married,54984.0,0,1,2014-05-24,51,173,13,131,32,3,6,4,6,1,6,7,0,0,0,1,0,0,3,11,0
7930,1969,Master,Single,26877.0,0,0,2013-08-19,74,101,13,76,20,18,40,2,3,1,6,6,0,0,0,0,0,0,3,11,0
7646,1989,Graduation,Single,64449.0,1,0,2014-02-18,70,218,63,282,137,35,70,4,5,3,12,4,0,0,0,0,0,0,3,11,0
2118,1964,2n Cycle,Married,62905.0,0,1,2013-09-10,68,166,75,96,119,107,59,3,7,2,8,4,0,0,0,0,0,0,3,11,0
9699,1966,Graduation,Divorced,67272.0,0,1,2013-12-21,12,357,35,271,28,28,14,3,6,2,12,5,0,0,0,0,0,0,3,11,0
6374,1954,PhD,Married,36930.0,0,1,2013-05-17,50,223,2,31,0,2,39,5,5,2,4,8,0,0,0,0,0,0,3,11,0
455,1946,PhD,Married,51012.0,0,0,2013-04-18,86,102,9,63,2,9,24,1,4,1,4,6,0,0,0,0,0,0,3,11,0
7094,1975,Graduation,Widow,58330.0,0,1,2013-12-25,87,445,53,213,104,98,151,1,6,4,13,4,0,0,0,0,0,0,3,11,0
8724,1982,Graduation,Single,28567.0,1,0,2013-06-17,57,11,3,22,2,2,6,2,2,0,3,6,0,0,0,0,0,0,3,11,0
6864,1989,Master,Divorced,10979.0,0,0,2014-05-22,34,8,4,10,2,2,4,2,3,0,3,5,0,0,0,0,0,0,3,11,0
6222,1967,Graduation,Married,22574.0,2,1,2013-10-28,28,25,0,8,2,0,2,2,2,0,3,7,0,0,0,0,0,0,3,11,0
4345,1964,2n Cycle,Single,,1,1,2014-01-12,49,5,1,9,2,0,4,1,1,0,2,7,0,0,0,0,0,0,3,11,0
8911,1967,PhD,Married,56320.0,0,1,2013-04-08,11,201,53,172,116,77,83,3,5,4,9,4,0,0,0,0,0,0,3,11,0
8387,1957,Graduation,Married,43140.0,0,1,2013-01-05,68,134,8,76,6,0,11,1,4,1,5,6,0,0,0,0,0,0,3,11,0
7966,1959,Graduation,Single,80982.0,1,1,2013-01-08,48,505,137,401,104,22,22,3,11,5,11,5,0,0,0,0,0,1,3,11,0
3283,1972,2n Cycle,Married,70932.0,0,1,2014-01-19,57,200,193,100,46,185,185,2,6,2,12,3,0,0,0,0,0,0,3,11,0
257,1959,PhD,Married,75032.0,0,1,2013-04-28,74,952,12,180,47,12,12,2,5,4,9,3,0,0,0,0,0,0,3,11,0
8234,1973,Basic,Together,27190.0,1,0,2013-08-15,13,1,6,7,0,1,3,1,1,0,2,8,1,0,0,0,0,0,3,11,1
448,1978,PhD,Single,54880.0,1,0,2013-03-01,57,308,85,137,102,45,118,2,6,2,11,5,0,0,0,0,0,0,3,11,0
7500,1967,Graduation,Single,79146.0,1,1,2014-04-24,33,245,16,223,21,43,16,2,8,1,8,6,0,0,0,0,0,0,3,11,0
7901,1971,Master,Married,34109.0,0,1,2013-11-06,39,9,1,5,2,1,4,1,0,0,3,4,0,0,0,0,0,0,3,11,0
9239,1961,Master,Married,61923.0,0,2,2013-07-26,94,92,4,18,3,3,6,1,2,1,4,3,0,0,0,0,0,0,3,11,0
9185,1966,PhD,Single,69759.0,0,0,2013-10-28,38,452,20,514,13,30,0,3,4,6,5,3,0,0,0,0,0,0,3,11,1
9235,1957,Graduation,Single,,1,1,2014-05-27,45,7,0,8,2,0,1,1,1,0,2,7,0,0,0,0,0,0,3,11,0
8955,1957,PhD,Together,40451.0,0,2,2014-02-16,54,35,0,4,0,0,10,1,1,1,2,5,1,0,0,0,0,0,3,11,0
1064,1971,PhD,Married,42403.0,1,0,2013-12-11,18,22,1,11,0,5,3,1,1,0,3,8,0,0,0,0,0,0,3,11,0
10473,1956,PhD,Widow,78028.0,0,1,2012-09-10,38,158,19,288,25,0,38,1,6,4,9,7,0,1,1,0,0,0,3,11,1
9153,1964,PhD,Married,59304.0,0,1,2013-07-29,81,418,61,428,80,51,10,3,7,8,10,5,0,0,0,0,0,0,3,11,0
1184,1968,PhD,Divorced,69674.0,0,2,2013-05-22,46,554,41,215,11,0,24,3,10,2,10,5,0,0,0,0,0,0,3,11,0
4259,1986,Master,Single,19485.0,2,0,2013-09-24,80,6,0,4,0,0,0,1,1,0,2,7,0,0,0,0,0,0,3,11,0
10617,1989,Master,Divorced,10979.0,0,0,2014-05-22,34,8,4,10,2,2,4,2,3,0,3,5,0,0,0,0,0,0,3,11,0
3434,1951,Graduation,Single,80872.0,0,0,2014-05-12,60,483,72,567,94,12,108,1,4,4,10,1,0,0,0,0,0,0,3,11,0
891,1951,Master,Together,29298.0,1,1,2013-09-07,60,6,0,2,2,0,1,1,1,0,2,5,0,0,0,0,0,0,3,11,0
9316,1952,Basic,Together,13084.0,0,0,2013-11-02,29,2,0,7,3,7,10,1,1,0,3,6,0,0,0,0,0,0,3,11,0
9589,1948,PhD,Widow,82032.0,0,0,2014-04-05,54,332,194,377,149,125,57,0,4,6,7,1,0,0,0,0,0,0,3,11,0
7165,1972,Graduation,Together,64474.0,0,1,2013-10-22,59,381,35,172,56,86,93,2,8,2,10,5,0,0,0,0,0,0,3,11,0
2157,1972,Graduation,Together,26290.0,1,1,2013-01-12,49,15,8,16,11,5,22,4,2,0,4,6,0,0,0,0,0,0,3,11,0
7196,1950,PhD,Married,41145.0,1,1,2014-02-08,20,9,0,3,0,0,1,1,0,0,3,3,0,0,0,0,0,0,3,11,0
5827,1958,Graduation,Divorced,35246.0,1,1,2014-04-16,53,36,0,12,2,2,10,4,3,1,3,5,0,0,0,0,0,0,3,11,0
4248,1960,Master,Single,98777.0,0,0,2014-02-17,23,1000,19,711,125,115,38,0,4,6,9,1,0,1,0,0,0,0,3,11,0
4998,1962,Graduation,Together,76081.0,0,0,2014-05-23,85,292,30,415,63,33,200,1,4,5,4,2,0,0,0,1,0,0,3,11,0
5633,1980,Graduation,Married,50183.0,1,1,2014-06-25,47,97,12,84,13,10,15,7,3,1,6,5,0,0,0,0,0,0,3,11,0
231,1956,Master,Together,28839.0,1,1,2014-03-11,86,24,0,7,0,0,1,2,2,0,3,5,0,0,0,0,0,0,3,11,0
1964,1951,Graduation,Together,86610.0,0,0,2013-09-05,66,446,107,768,33,196,53,1,5,6,6,2,0,0,0,0,0,0,3,11,0
6131,1980,2n Cycle,Married,70829.0,1,1,2013-12-01,87,141,70,106,72,19,23,2,4,2,8,3,0,0,0,0,0,0,3,11,0
2453,1960,Graduation,Together,62807.0,0,1,2012-08-31,83,526,28,135,10,21,99,3,5,3,12,5,0,0,0,0,0,0,3,11,0
8717,1975,PhD,Married,80427.0,0,1,2012-09-12,56,1149,71,449,69,71,26,1,11,8,8,5,0,0,0,0,0,0,3,11,0
5278,1964,Graduation,Married,82224.0,0,0,2014-01-25,83,307,26,360,138,31,40,1,6,9,5,3,0,0,0,1,0,0,3,11,0
8369,1987,Graduation,Together,18227.0,1,0,2012-11-08,21,1,2,7,4,3,11,1,0,1,2,8,0,0,0,0,0,0,3,11,0
2452,1971,Graduation,Together,34600.0,1,1,2013-01-01,8,199,33,60,8,3,15,5,5,2,5,8,0,0,0,0,0,0,3,11,1
7386,1976,Graduation,Divorced,30992.0,1,0,2013-04-22,83,17,0,14,7,3,2,1,1,0,3,7,0,0,0,0,0,0,3,11,0
5623,1980,Master,Married,31535.0,1,0,2013-09-26,95,15,4,13,0,0,19,1,1,1,2,7,1,0,0,0,0,0,3,11,0
7683,1968,Master,Married,70777.0,0,1,2014-02-25,80,554,35,113,0,7,78,3,5,3,12,3,0,0,0,0,0,0,3,11,0
5407,1954,Graduation,Together,53103.0,0,1,2013-09-12,70,729,17,133,11,0,195,5,10,6,7,7,1,0,0,0,0,0,3,11,0
3270,1978,2n Cycle,Together,17117.0,1,0,2013-01-17,96,12,23,38,30,18,7,4,3,1,3,9,0,0,0,0,0,0,3,11,0
2968,1943,PhD,Divorced,48948.0,0,0,2013-02-01,53,437,8,206,160,49,42,2,7,10,5,6,1,0,0,0,0,0,3,11,1
8594,1958,PhD,Widow,50520.0,0,1,2014-01-28,25,112,0,6,2,1,14,2,3,1,3,6,0,0,0,0,0,0,3,11,0
8779,1985,2n Cycle,Married,36145.0,1,0,2013-06-16,13,56,4,76,17,1,18,4,4,1,3,9,1,0,0,0,0,0,3,11,1
3790,1956,Graduation,Together,34633.0,2,1,2014-01-23,31,8,1,5,0,0,1,1,1,0,2,6,0,0,0,0,0,0,3,11,0
663,1989,PhD,Single,33996.0,0,0,2013-09-11,46,40,2,15,8,0,6,1,1,1,3,4,0,0,0,0,0,0,3,11,0
326,1973,Graduation,Married,51148.0,1,1,2013-02-18,38,235,6,45,8,9,12,4,5,1,6,6,0,0,0,0,0,0,3,11,0
6183,1962,Master,Married,58646.0,0,1,2013-06-10,3,62,1,44,6,5,22,1,2,1,4,4,0,0,0,0,0,0,3,11,0
3919,1976,Master,Single,72309.0,0,0,2013-03-11,64,960,0,883,50,38,0,1,5,6,8,3,0,0,0,1,0,0,3,11,1
8923,1973,Graduation,Single,83917.0,0,0,2013-04-18,12,514,22,732,42,198,79,1,6,7,7,3,0,0,0,0,0,0,3,11,1
8275,1965,PhD,Divorced,47025.0,1,1,2014-02-09,6,16,0,3,0,0,1,1,1,0,2,7,0,0,0,0,0,0,3,11,0
8605,1964,PhD,Together,46910.0,1,1,2014-03-23,36,48,0,14,0,0,6,2,2,0,3,6,0,0,0,0,0,0,3,11,0
1225,1963,Graduation,Married,80124.0,0,0,2014-06-26,47,483,84,398,205,84,241,1,3,7,8,1,1,0,0,0,0,0,3,11,0
4827,1956,PhD,Single,54998.0,0,1,2013-03-10,3,154,22,202,39,30,8,5,4,2,9,4,0,0,0,0,0,0,3,11,1
3798,1968,Graduation,Married,41120.0,1,1,2013-11-06,80,24,2,23,0,8,24,3,2,1,3,6,0,0,0,0,0,0,3,11,0
5253,1956,Master,Together,54603.0,1,1,2013-07-09,85,145,13,46,17,2,4,6,4,2,4,7,0,0,0,0,0,0,3,11,0
7192,1955,Graduation,Together,65748.0,0,1,2013-04-15,58,172,73,93,95,78,34,2,2,4,10,1,0,0,0,0,0,1,3,11,0
6097,1959,Graduation,Single,50664.0,1,1,2013-01-16,64,313,8,104,6,4,126,9,8,1,6,9,0,0,0,0,0,0,3,11,0
10897,1974,Graduation,Married,67445.0,0,1,2012-08-12,63,757,80,217,29,80,11,5,9,6,12,6,0,0,0,0,0,0,3,11,0
10092,1954,Graduation,Divorced,70044.0,0,1,2013-02-18,46,1073,0,250,153,14,14,4,7,10,5,5,0,0,0,0,0,0,3,11,0
8104,1951,PhD,Married,53312.0,0,0,2013-08-09,32,241,0,12,0,0,25,1,5,1,5,7,0,0,0,0,0,0,3,11,0
9483,1959,Graduation,Together,57957.0,0,1,2013-08-19,24,290,59,177,77,5,29,7,4,6,8,3,0,0,0,0,0,1,3,11,0
1604,1960,Master,Married,47353.0,0,1,2013-11-13,93,184,2,19,8,8,4,3,2,2,6,5,0,0,0,0,0,0,3,11,0
